-- Generated by Craft v2.6.2984 on Jul 25, 2017, 9:18:45 PM.

--
-- Disable foreign key checks and autocommit.
--

SET FOREIGN_KEY_CHECKS = 0;
SET SQL_MODE = "NO_AUTO_VALUE_ON_ZERO";
SET AUTOCOMMIT = 0;
SET NAMES utf8;


DROP TABLE IF EXISTS `sk_assetfiles`;


--
-- Schema for table `sk_assetfiles`
--
CREATE TABLE `sk_assetfiles` (
  `id` int(11) NOT NULL,
  `sourceId` int(11) DEFAULT NULL,
  `folderId` int(11) NOT NULL,
  `filename` varchar(255) COLLATE utf8_unicode_ci NOT NULL,
  `kind` varchar(50) COLLATE utf8_unicode_ci NOT NULL DEFAULT 'unknown',
  `width` int(11) unsigned DEFAULT NULL,
  `height` int(11) unsigned DEFAULT NULL,
  `size` bigint(20) unsigned DEFAULT NULL,
  `dateModified` datetime DEFAULT NULL,
  `dateCreated` datetime NOT NULL,
  `dateUpdated` datetime NOT NULL,
  `uid` char(36) COLLATE utf8_unicode_ci NOT NULL DEFAULT '0',
  PRIMARY KEY (`id`),
  UNIQUE KEY `sk_assetfiles_filename_folderId_unq_idx` (`filename`,`folderId`),
  KEY `sk_assetfiles_sourceId_fk` (`sourceId`),
  KEY `sk_assetfiles_folderId_fk` (`folderId`)
) ENGINE=InnoDB DEFAULT CHARSET=utf8 COLLATE=utf8_unicode_ci;

--
-- Data for table `sk_assetfiles`
--

INSERT INTO `sk_assetfiles` (`id`, `sourceId`, `folderId`, `filename`, `kind`, `width`, `height`, `size`, `dateModified`, `dateCreated`, `dateUpdated`, `uid`) VALUES
 ('6', '1', '1', 'Thai-Lettuce-Wrap-1-min.jpg', 'image', '1643', '1095', '301817', '2017-07-11 23:59:09', '2017-07-11 23:42:43', '2017-07-16 22:17:56', 'c29e97b4-7595-4080-9cfc-3042fd1c2e97'),
 ('7', '1', '1', 'Thai-Lettuce-Wrap-2-min.jpg', 'image', '1095', '1643', '165784', '2017-07-11 23:59:10', '2017-07-11 23:42:44', '2017-07-16 22:17:56', 'acfc0ab7-3984-42b5-b089-8fd1633910be'),
 ('8', '1', '1', 'Thai-Lettuce-Wrap-3-min.jpg', 'image', '1095', '1643', '226666', '2017-07-11 23:59:10', '2017-07-11 23:42:45', '2017-07-16 22:17:57', '7e6c87af-a42e-4a87-b623-42bd3024e5f1'),
 ('9', '1', '1', 'Thai-Lettuce-Wrap-4-min.jpg', 'image', '1643', '1095', '313438', '2017-07-11 23:59:11', '2017-07-11 23:42:45', '2017-07-16 22:17:57', 'd9283ef9-783b-40fc-b48d-5d70baa98d84'),
 ('10', '1', '1', 'Thai-Lettuce-Wrap-5-min.jpg', 'image', '1643', '1095', '199394', '2017-07-11 23:59:12', '2017-07-11 23:42:46', '2017-07-16 22:17:58', '62b0ebe2-6316-4e2b-b5f7-225c9d42fab8'),
 ('11', '1', '1', 'Thai-Lettuce-Wrap-6-min.jpg', 'image', '1643', '1095', '324766', '2017-07-11 23:59:12', '2017-07-11 23:42:47', '2017-07-16 22:17:58', '038533b8-071f-4805-b1d2-756d2f13f0a0'),
 ('12', '1', '1', 'Thai-Lettuce-Wrap-7-min.jpg', 'image', '1095', '1643', '185399', '2017-07-11 23:59:13', '2017-07-11 23:42:47', '2017-07-16 22:17:58', 'b01ec0a8-ffb9-47ba-9e49-6bd77a791dcf'),
 ('13', '1', '1', 'Thai-Lettuce-Wrap-8-min.jpg', 'image', '1095', '1643', '178008', '2017-07-11 23:59:14', '2017-07-11 23:42:48', '2017-07-16 22:17:59', '4e655e33-d8fd-4807-89e4-f851fe110ffe'),
 ('14', '1', '1', 'Thai-Lettuce-Wrap-9-min.jpg', 'image', '1643', '1095', '265368', '2017-07-11 23:59:15', '2017-07-11 23:42:49', '2017-07-16 22:17:59', '274e0ada-baa9-4aef-807e-2ba51126bf52'),
 ('15', '1', '1', 'Thai-Lettuce-Wrap-10-min.jpg', 'image', '1095', '1643', '242467', '2017-07-11 23:59:15', '2017-07-11 23:42:49', '2017-07-16 22:17:57', '672fb184-bc1e-4498-954e-0712984dbdad'),
 ('39', '1', '1', 'spaghetti.jpg', 'image', '2048', '1214', '415237', '2017-07-16 20:16:57', '2017-07-16 20:16:59', '2017-07-16 22:17:59', '855dc068-4b0f-4703-a2b4-67013993de3a'),
 ('40', '1', '1', 'Ceviche.jpg', 'image', '1600', '1066', '256839', '2017-07-16 20:52:55', '2017-07-16 20:52:56', '2017-07-16 22:17:55', '28dec3c0-999c-460e-8304-77171ad96324');



DROP TABLE IF EXISTS `sk_assetfolders`;


--
-- Schema for table `sk_assetfolders`
--
CREATE TABLE `sk_assetfolders` (
  `id` int(11) NOT NULL AUTO_INCREMENT,
  `parentId` int(11) DEFAULT NULL,
  `sourceId` int(11) DEFAULT NULL,
  `name` varchar(255) COLLATE utf8_unicode_ci NOT NULL,
  `path` varchar(255) COLLATE utf8_unicode_ci DEFAULT NULL,
  `dateCreated` datetime NOT NULL,
  `dateUpdated` datetime NOT NULL,
  `uid` char(36) COLLATE utf8_unicode_ci NOT NULL DEFAULT '0',
  PRIMARY KEY (`id`),
  UNIQUE KEY `sk_assetfolders_name_parentId_sourceId_unq_idx` (`name`,`parentId`,`sourceId`),
  KEY `sk_assetfolders_parentId_fk` (`parentId`),
  KEY `sk_assetfolders_sourceId_fk` (`sourceId`)
) ENGINE=InnoDB AUTO_INCREMENT=6 DEFAULT CHARSET=utf8 COLLATE=utf8_unicode_ci;

--
-- Data for table `sk_assetfolders`
--

INSERT INTO `sk_assetfolders` (`id`, `parentId`, `sourceId`, `name`, `path`, `dateCreated`, `dateUpdated`, `uid`) VALUES
 ('1', NULL, '1', 'Food', '', '2017-07-11 23:06:21', '2017-07-11 23:06:21', '9d3091a5-4ca5-46fa-9518-20bd774ef279'),
 ('2', NULL, NULL, 'Temporary source', NULL, '2017-07-11 23:06:31', '2017-07-11 23:06:31', '0cfb3c2f-2e2e-497a-b865-781d72182ce4'),
 ('3', '2', NULL, 'user_1', 'user_1/', '2017-07-11 23:06:31', '2017-07-11 23:06:31', 'e3ee64aa-d7e9-4e7e-bb04-2ad18acb4ea4'),
 ('4', '3', NULL, 'field_4', 'user_1/field_4/', '2017-07-11 23:06:31', '2017-07-11 23:06:31', '25a5e03f-877e-461c-8c0d-07e44c071acd'),
 ('5', '3', NULL, 'field_5', 'user_1/field_5/', '2017-07-11 23:06:31', '2017-07-11 23:06:31', '971647fb-7afc-4a23-892d-dbc43536e5db');



DROP TABLE IF EXISTS `sk_assetindexdata`;


--
-- Schema for table `sk_assetindexdata`
--
CREATE TABLE `sk_assetindexdata` (
  `id` int(11) NOT NULL AUTO_INCREMENT,
  `sessionId` varchar(36) COLLATE utf8_unicode_ci NOT NULL DEFAULT '',
  `sourceId` int(10) NOT NULL,
  `offset` int(10) NOT NULL,
  `uri` varchar(255) COLLATE utf8_unicode_ci DEFAULT NULL,
  `size` varchar(255) COLLATE utf8_unicode_ci DEFAULT NULL,
  `recordId` int(10) DEFAULT NULL,
  `dateCreated` datetime NOT NULL,
  `dateUpdated` datetime NOT NULL,
  `uid` char(36) COLLATE utf8_unicode_ci NOT NULL DEFAULT '0',
  PRIMARY KEY (`id`),
  UNIQUE KEY `sk_assetindexdata_sessionId_sourceId_offset_unq_idx` (`sessionId`,`sourceId`,`offset`),
  KEY `sk_assetindexdata_sourceId_fk` (`sourceId`)
) ENGINE=InnoDB DEFAULT CHARSET=utf8 COLLATE=utf8_unicode_ci;

DROP TABLE IF EXISTS `sk_assetsources`;


--
-- Schema for table `sk_assetsources`
--
CREATE TABLE `sk_assetsources` (
  `id` int(11) NOT NULL AUTO_INCREMENT,
  `name` varchar(255) COLLATE utf8_unicode_ci NOT NULL,
  `handle` varchar(255) COLLATE utf8_unicode_ci NOT NULL,
  `type` varchar(150) COLLATE utf8_unicode_ci NOT NULL,
  `settings` text COLLATE utf8_unicode_ci,
  `sortOrder` smallint(6) unsigned DEFAULT NULL,
  `fieldLayoutId` int(10) DEFAULT NULL,
  `dateCreated` datetime NOT NULL,
  `dateUpdated` datetime NOT NULL,
  `uid` char(36) COLLATE utf8_unicode_ci NOT NULL DEFAULT '0',
  PRIMARY KEY (`id`),
  UNIQUE KEY `sk_assetsources_name_unq_idx` (`name`),
  UNIQUE KEY `sk_assetsources_handle_unq_idx` (`handle`),
  KEY `sk_assetsources_fieldLayoutId_fk` (`fieldLayoutId`)
) ENGINE=InnoDB AUTO_INCREMENT=2 DEFAULT CHARSET=utf8 COLLATE=utf8_unicode_ci;

--
-- Data for table `sk_assetsources`
--

INSERT INTO `sk_assetsources` (`id`, `name`, `handle`, `type`, `settings`, `sortOrder`, `fieldLayoutId`, `dateCreated`, `dateUpdated`, `uid`) VALUES
 ('1', 'Food', 'food', 'Local', '{\"path\":\"images\\/food\\/\",\"publicURLs\":\"1\",\"url\":\"\\/images\\/food\\/\"}', '1', '16', '2017-07-11 23:06:21', '2017-07-11 23:06:21', 'b72bcbff-97de-4baa-ad96-b1f4f24d5a02');



DROP TABLE IF EXISTS `sk_assettransformindex`;


--
-- Schema for table `sk_assettransformindex`
--
CREATE TABLE `sk_assettransformindex` (
  `id` int(11) NOT NULL AUTO_INCREMENT,
  `fileId` int(11) NOT NULL,
  `filename` varchar(255) COLLATE utf8_unicode_ci DEFAULT NULL,
  `format` varchar(255) COLLATE utf8_unicode_ci DEFAULT NULL,
  `location` varchar(255) COLLATE utf8_unicode_ci NOT NULL,
  `sourceId` int(11) DEFAULT NULL,
  `fileExists` tinyint(1) DEFAULT NULL,
  `inProgress` tinyint(1) DEFAULT NULL,
  `dateIndexed` datetime DEFAULT NULL,
  `dateCreated` datetime NOT NULL,
  `dateUpdated` datetime NOT NULL,
  `uid` char(36) COLLATE utf8_unicode_ci NOT NULL DEFAULT '0',
  PRIMARY KEY (`id`),
  KEY `sk_assettransformindex_sourceId_fileId_location_idx` (`sourceId`,`fileId`,`location`)
) ENGINE=InnoDB AUTO_INCREMENT=7 DEFAULT CHARSET=utf8 COLLATE=utf8_unicode_ci;

DROP TABLE IF EXISTS `sk_assettransforms`;


--
-- Schema for table `sk_assettransforms`
--
CREATE TABLE `sk_assettransforms` (
  `id` int(11) NOT NULL AUTO_INCREMENT,
  `name` varchar(255) COLLATE utf8_unicode_ci NOT NULL,
  `handle` varchar(255) COLLATE utf8_unicode_ci NOT NULL,
  `mode` enum('stretch','fit','crop') COLLATE utf8_unicode_ci NOT NULL DEFAULT 'crop',
  `position` enum('top-left','top-center','top-right','center-left','center-center','center-right','bottom-left','bottom-center','bottom-right') COLLATE utf8_unicode_ci NOT NULL DEFAULT 'center-center',
  `height` int(10) DEFAULT NULL,
  `width` int(10) DEFAULT NULL,
  `format` varchar(255) COLLATE utf8_unicode_ci DEFAULT NULL,
  `quality` int(10) DEFAULT NULL,
  `dimensionChangeTime` datetime DEFAULT NULL,
  `dateCreated` datetime NOT NULL,
  `dateUpdated` datetime NOT NULL,
  `uid` char(36) COLLATE utf8_unicode_ci NOT NULL DEFAULT '0',
  PRIMARY KEY (`id`),
  UNIQUE KEY `sk_assettransforms_name_unq_idx` (`name`),
  UNIQUE KEY `sk_assettransforms_handle_unq_idx` (`handle`)
) ENGINE=InnoDB AUTO_INCREMENT=2 DEFAULT CHARSET=utf8 COLLATE=utf8_unicode_ci;

--
-- Data for table `sk_assettransforms`
--

INSERT INTO `sk_assettransforms` (`id`, `name`, `handle`, `mode`, `position`, `height`, `width`, `format`, `quality`, `dimensionChangeTime`, `dateCreated`, `dateUpdated`, `uid`) VALUES
 ('1', 'Tile Thumb', 'tileThumb', 'crop', 'center-center', '380', '600', 'jpg', '82', '2017-07-16 22:17:48', '2017-07-16 19:36:44', '2017-07-16 22:17:48', '29e270a2-e4de-45da-bdaf-0826ee38e6a5');



DROP TABLE IF EXISTS `sk_categories`;


--
-- Schema for table `sk_categories`
--
CREATE TABLE `sk_categories` (
  `id` int(11) NOT NULL,
  `groupId` int(11) NOT NULL,
  `dateCreated` datetime NOT NULL,
  `dateUpdated` datetime NOT NULL,
  `uid` char(36) COLLATE utf8_unicode_ci NOT NULL DEFAULT '0',
  PRIMARY KEY (`id`),
  KEY `sk_categories_groupId_fk` (`groupId`)
) ENGINE=InnoDB DEFAULT CHARSET=utf8 COLLATE=utf8_unicode_ci;

--
-- Data for table `sk_categories`
--

INSERT INTO `sk_categories` (`id`, `groupId`, `dateCreated`, `dateUpdated`, `uid`) VALUES
 ('17', '1', '2017-07-12 01:25:12', '2017-07-12 01:25:12', '8ec15e65-db4f-4584-a37b-cfc521c1193a'),
 ('18', '1', '2017-07-12 01:25:20', '2017-07-12 01:25:20', 'fdb4cd35-ab2c-4b88-98ee-640b0dda5ef4'),
 ('19', '1', '2017-07-12 01:25:43', '2017-07-12 01:25:43', 'ea7c71bb-36ba-4b0f-a364-50a1828b6d4d');



DROP TABLE IF EXISTS `sk_categorygroups`;


--
-- Schema for table `sk_categorygroups`
--
CREATE TABLE `sk_categorygroups` (
  `id` int(11) NOT NULL AUTO_INCREMENT,
  `structureId` int(11) NOT NULL,
  `fieldLayoutId` int(11) DEFAULT NULL,
  `name` varchar(255) COLLATE utf8_unicode_ci NOT NULL,
  `handle` varchar(255) COLLATE utf8_unicode_ci NOT NULL,
  `hasUrls` tinyint(1) unsigned NOT NULL DEFAULT '1',
  `template` varchar(500) COLLATE utf8_unicode_ci DEFAULT NULL,
  `dateCreated` datetime NOT NULL,
  `dateUpdated` datetime NOT NULL,
  `uid` char(36) COLLATE utf8_unicode_ci NOT NULL DEFAULT '0',
  PRIMARY KEY (`id`),
  UNIQUE KEY `sk_categorygroups_name_unq_idx` (`name`),
  UNIQUE KEY `sk_categorygroups_handle_unq_idx` (`handle`),
  KEY `sk_categorygroups_structureId_fk` (`structureId`),
  KEY `sk_categorygroups_fieldLayoutId_fk` (`fieldLayoutId`)
) ENGINE=InnoDB AUTO_INCREMENT=2 DEFAULT CHARSET=utf8 COLLATE=utf8_unicode_ci;

--
-- Data for table `sk_categorygroups`
--

INSERT INTO `sk_categorygroups` (`id`, `structureId`, `fieldLayoutId`, `name`, `handle`, `hasUrls`, `template`, `dateCreated`, `dateUpdated`, `uid`) VALUES
 ('1', '1', '23', 'Recipe Types', 'recipeTypes', '1', '_category', '2017-07-12 01:24:40', '2017-07-12 01:24:40', '0c47b6e9-625a-4765-9a88-aa051c9364fb');



DROP TABLE IF EXISTS `sk_categorygroups_i18n`;


--
-- Schema for table `sk_categorygroups_i18n`
--
CREATE TABLE `sk_categorygroups_i18n` (
  `id` int(11) NOT NULL AUTO_INCREMENT,
  `groupId` int(11) NOT NULL,
  `locale` char(12) COLLATE utf8_unicode_ci NOT NULL,
  `urlFormat` text COLLATE utf8_unicode_ci,
  `nestedUrlFormat` text COLLATE utf8_unicode_ci,
  `dateCreated` datetime NOT NULL,
  `dateUpdated` datetime NOT NULL,
  `uid` char(36) COLLATE utf8_unicode_ci NOT NULL DEFAULT '0',
  PRIMARY KEY (`id`),
  UNIQUE KEY `sk_categorygroups_i18n_groupId_locale_unq_idx` (`groupId`,`locale`),
  KEY `sk_categorygroups_i18n_locale_fk` (`locale`)
) ENGINE=InnoDB AUTO_INCREMENT=2 DEFAULT CHARSET=utf8 COLLATE=utf8_unicode_ci;

--
-- Data for table `sk_categorygroups_i18n`
--

INSERT INTO `sk_categorygroups_i18n` (`id`, `groupId`, `locale`, `urlFormat`, `nestedUrlFormat`, `dateCreated`, `dateUpdated`, `uid`) VALUES
 ('1', '1', 'en_us', 'recipes/{slug}', '{parent.uri}/{slug}', '2017-07-12 01:24:40', '2017-07-12 01:24:40', '38813962-708a-4aeb-b833-38191b17eb1d');



DROP TABLE IF EXISTS `sk_content`;


--
-- Schema for table `sk_content`
--
CREATE TABLE `sk_content` (
  `id` int(11) NOT NULL AUTO_INCREMENT,
  `elementId` int(11) NOT NULL,
  `locale` char(12) COLLATE utf8_unicode_ci NOT NULL,
  `title` varchar(255) COLLATE utf8_unicode_ci DEFAULT NULL,
  `field_body` text COLLATE utf8_unicode_ci,
  `field_subtitle` text COLLATE utf8_unicode_ci,
  `field_contentTitle` text COLLATE utf8_unicode_ci,
  `dateCreated` datetime NOT NULL,
  `dateUpdated` datetime NOT NULL,
  `uid` char(36) COLLATE utf8_unicode_ci NOT NULL DEFAULT '0',
  PRIMARY KEY (`id`),
  UNIQUE KEY `sk_content_elementId_locale_unq_idx` (`elementId`,`locale`),
  KEY `sk_content_title_idx` (`title`),
  KEY `sk_content_locale_fk` (`locale`)
) ENGINE=InnoDB AUTO_INCREMENT=29 DEFAULT CHARSET=utf8 COLLATE=utf8_unicode_ci;

--
-- Data for table `sk_content`
--

INSERT INTO `sk_content` (`id`, `elementId`, `locale`, `title`, `field_body`, `field_subtitle`, `field_contentTitle`, `dateCreated`, `dateUpdated`, `uid`) VALUES
 ('1', '1', 'en_us', NULL, NULL, NULL, NULL, '2017-07-11 20:37:20', '2017-07-11 20:37:20', '2e9e119d-4045-4ae7-8cfa-aa985548b978'),
 ('2', '2', 'en_us', 'Welcome to 192.168.33.10!', '<p>It’s true, this site doesn’t have a whole lot of content yet, but don’t worry. Our web developers have just installed the CMS, and they’re setting things up for the content editors this very moment. Soon 192.168.33.10 will be an oasis of fresh perspectives, sharp analyses, and astute opinions that will keep you coming back again and again.</p>', NULL, NULL, '2017-07-11 20:37:21', '2017-07-11 20:37:21', '5d702ace-0f67-4845-ab1e-f346746ee530'),
 ('3', '3', 'en_us', 'We just installed Craft!', '<p>Craft is the CMS that’s powering 192.168.33.10. It’s beautiful, powerful, flexible, and easy-to-use, and it’s made by Pixel &amp; Tonic. We can’t wait to dive in and see what it’s capable of!</p><!--pagebreak--><p>This is even more captivating content, which you couldn’t see on the News index page because it was entered after a Page Break, and the News index template only likes to show the content on the first page.</p><p>Craft: a nice alternative to Word, if you’re making a website.</p>', NULL, NULL, '2017-07-11 20:37:21', '2017-07-11 20:37:21', 'aa309ab4-3084-402b-9cb3-0987a8bb6c67'),
 ('4', '4', 'en_us', 'Spaghetti', NULL, '', '', '2017-07-11 22:47:51', '2017-07-16 20:16:00', 'fb0e30df-30c6-4c6a-b900-f75890a78350'),
 ('5', '6', 'en_us', 'Thai Lettuce Wrap 1 Min', NULL, NULL, NULL, '2017-07-11 23:42:43', '2017-07-16 22:17:56', '56907598-a380-4ca1-bbff-cb8b705aaa79'),
 ('6', '7', 'en_us', 'Thai Lettuce Wrap 2 Min', NULL, NULL, NULL, '2017-07-11 23:42:44', '2017-07-16 22:17:56', 'ba10d41a-d1c3-464b-a825-58219c68145c'),
 ('7', '8', 'en_us', 'Thai Lettuce Wrap 3 Min', NULL, NULL, NULL, '2017-07-11 23:42:44', '2017-07-16 22:17:57', '6d1e3b41-5feb-491e-82e1-6c430dd20a34'),
 ('8', '9', 'en_us', 'Thai Lettuce Wrap 4 Min', NULL, NULL, NULL, '2017-07-11 23:42:45', '2017-07-16 22:17:57', 'b2d68dad-838c-4105-89b0-62304898241f'),
 ('9', '10', 'en_us', 'Thai Lettuce Wrap 5 Min', NULL, NULL, NULL, '2017-07-11 23:42:46', '2017-07-16 22:17:58', '6f689995-0c44-4f77-ae36-722be230a6dd'),
 ('10', '11', 'en_us', 'Thai Lettuce Wrap', NULL, NULL, NULL, '2017-07-11 23:42:47', '2017-07-16 22:17:58', '9da3e51e-8f97-4c82-83ee-d7ea759b3b3f'),
 ('11', '12', 'en_us', 'Thai Lettuce Wrap 7 Min', NULL, NULL, NULL, '2017-07-11 23:42:47', '2017-07-16 22:17:58', 'ce2a0a2d-f31a-4666-bd73-4714f172ecde'),
 ('12', '13', 'en_us', 'Thai Lettuce Wrap 8 Min', NULL, NULL, NULL, '2017-07-11 23:42:48', '2017-07-16 22:17:59', 'a6832ef8-9bd0-490b-a32b-a73e1a8f5e3d'),
 ('13', '14', 'en_us', 'Thai Lettuce Wrap 9 Min', NULL, NULL, NULL, '2017-07-11 23:42:49', '2017-07-16 22:17:59', 'd3db2b8d-1756-42f6-b6a7-1ea7336fcd3d'),
 ('14', '15', 'en_us', 'Thai Lettuce Wrap 10 Min', NULL, NULL, NULL, '2017-07-11 23:42:49', '2017-07-16 22:17:57', '3d5e099a-ad77-4bdd-8b8e-48593b5c47af'),
 ('16', '17', 'en_us', 'Dinners', NULL, NULL, NULL, '2017-07-12 01:25:12', '2017-07-12 01:25:12', 'd3f0a27f-ba24-4612-a929-032f8e89b17b'),
 ('17', '18', 'en_us', 'Lunch', NULL, NULL, NULL, '2017-07-12 01:25:20', '2017-07-12 01:25:20', '1a457b03-c3c4-4b71-a95e-11e401cabb8e'),
 ('18', '19', 'en_us', 'Main Course', NULL, NULL, NULL, '2017-07-12 01:25:42', '2017-07-12 01:25:42', '1fe846cd-79e5-4491-8bb5-0e8ef674add1'),
 ('19', '20', 'en_us', 'Header', NULL, NULL, NULL, '2017-07-13 23:20:03', '2017-07-14 00:27:20', 'a7ac75de-b4aa-4099-9c53-0206474d8f11'),
 ('21', '25', 'en_us', 'Footer', NULL, NULL, NULL, '2017-07-14 00:27:07', '2017-07-14 00:27:07', '243c1eb3-d014-4837-aaa1-bce6adb9dd3d'),
 ('22', '28', 'en_us', 'Vegan Thai Larb Lettuce Cups', NULL, 'Perfect for a quick and tasty lunch!', '', '2017-07-14 18:43:45', '2017-07-14 20:20:13', '912d0549-32eb-4401-8210-c58165113406'),
 ('23', '32', 'en_us', 'vegan', NULL, NULL, NULL, '2017-07-14 19:04:42', '2017-07-14 19:04:42', '51d4c79d-be43-4c4e-b2de-dabcae097de6'),
 ('24', '33', 'en_us', 'lettu', NULL, NULL, NULL, '2017-07-14 19:04:48', '2017-07-14 19:04:48', '5465918c-8ac4-4a03-a23d-440d297a6142'),
 ('25', '34', 'en_us', 'easy', NULL, NULL, NULL, '2017-07-14 19:04:51', '2017-07-14 19:04:51', 'cab7ee33-037d-4742-80ce-f8f273ad57e2'),
 ('26', '39', 'en_us', 'Spaghetti', NULL, NULL, NULL, '2017-07-16 20:16:59', '2017-07-16 22:17:59', '2bd11ad6-ec1f-4e5f-a6c3-8dc8fd65216c'),
 ('27', '40', 'en_us', 'Ceviche', NULL, NULL, NULL, '2017-07-16 20:52:56', '2017-07-16 22:17:55', '9471799b-788f-41c5-a42a-4550232d31b8'),
 ('28', '41', 'en_us', 'Shrimp Ceviche', NULL, '', '', '2017-07-16 20:53:22', '2017-07-16 20:53:22', 'afd521ac-26b2-464f-950d-2bdf57804cb7');



DROP TABLE IF EXISTS `sk_deprecationerrors`;


--
-- Schema for table `sk_deprecationerrors`
--
CREATE TABLE `sk_deprecationerrors` (
  `id` int(11) NOT NULL AUTO_INCREMENT,
  `key` varchar(255) COLLATE utf8_unicode_ci NOT NULL,
  `fingerprint` varchar(255) COLLATE utf8_unicode_ci NOT NULL,
  `lastOccurrence` datetime NOT NULL,
  `file` varchar(255) COLLATE utf8_unicode_ci NOT NULL,
  `line` smallint(6) unsigned NOT NULL,
  `class` varchar(255) COLLATE utf8_unicode_ci DEFAULT NULL,
  `method` varchar(255) COLLATE utf8_unicode_ci DEFAULT NULL,
  `template` varchar(255) COLLATE utf8_unicode_ci DEFAULT NULL,
  `templateLine` smallint(6) unsigned DEFAULT NULL,
  `message` varchar(255) COLLATE utf8_unicode_ci DEFAULT NULL,
  `traces` text COLLATE utf8_unicode_ci,
  `dateCreated` datetime NOT NULL,
  `dateUpdated` datetime NOT NULL,
  `uid` char(36) COLLATE utf8_unicode_ci NOT NULL DEFAULT '0',
  PRIMARY KEY (`id`),
  UNIQUE KEY `sk_deprecationerrors_key_fingerprint_unq_idx` (`key`,`fingerprint`)
) ENGINE=InnoDB DEFAULT CHARSET=utf8 COLLATE=utf8_unicode_ci;

DROP TABLE IF EXISTS `sk_elementindexsettings`;


--
-- Schema for table `sk_elementindexsettings`
--
CREATE TABLE `sk_elementindexsettings` (
  `id` int(11) NOT NULL AUTO_INCREMENT,
  `type` varchar(150) COLLATE utf8_unicode_ci NOT NULL,
  `settings` text COLLATE utf8_unicode_ci,
  `dateCreated` datetime NOT NULL,
  `dateUpdated` datetime NOT NULL,
  `uid` char(36) COLLATE utf8_unicode_ci NOT NULL DEFAULT '0',
  PRIMARY KEY (`id`),
  UNIQUE KEY `sk_elementindexsettings_type_unq_idx` (`type`)
) ENGINE=InnoDB DEFAULT CHARSET=utf8 COLLATE=utf8_unicode_ci;

DROP TABLE IF EXISTS `sk_elements`;


--
-- Schema for table `sk_elements`
--
CREATE TABLE `sk_elements` (
  `id` int(11) NOT NULL AUTO_INCREMENT,
  `type` varchar(150) COLLATE utf8_unicode_ci NOT NULL,
  `enabled` tinyint(1) unsigned NOT NULL DEFAULT '1',
  `archived` tinyint(1) unsigned NOT NULL DEFAULT '0',
  `dateCreated` datetime NOT NULL,
  `dateUpdated` datetime NOT NULL,
  `uid` char(36) COLLATE utf8_unicode_ci NOT NULL DEFAULT '0',
  PRIMARY KEY (`id`),
  KEY `sk_elements_type_idx` (`type`),
  KEY `sk_elements_enabled_idx` (`enabled`),
  KEY `sk_elements_archived_dateCreated_idx` (`archived`,`dateCreated`)
) ENGINE=InnoDB AUTO_INCREMENT=42 DEFAULT CHARSET=utf8 COLLATE=utf8_unicode_ci;

--
-- Data for table `sk_elements`
--

INSERT INTO `sk_elements` (`id`, `type`, `enabled`, `archived`, `dateCreated`, `dateUpdated`, `uid`) VALUES
 ('1', 'User', '1', '0', '2017-07-11 20:37:20', '2017-07-11 20:37:20', 'e2f45ee4-d229-4e90-b780-fc5e456404ae'),
 ('2', 'Entry', '1', '0', '2017-07-11 20:37:21', '2017-07-11 20:37:21', 'bcb7c707-0467-46a0-9388-edcbb60781a8'),
 ('3', 'Entry', '1', '0', '2017-07-11 20:37:21', '2017-07-11 20:37:21', '4323f0c8-7e43-4d76-bffa-f23923ba2335'),
 ('4', 'Entry', '1', '0', '2017-07-11 22:47:51', '2017-07-16 20:16:00', 'e489dd2b-3350-48a1-a402-b2786d87cfe5'),
 ('5', 'MatrixBlock', '1', '0', '2017-07-11 22:47:52', '2017-07-16 20:16:01', '0864847d-9bfd-4ab4-9a40-28ed102e36cd'),
 ('6', 'Asset', '1', '0', '2017-07-11 23:42:43', '2017-07-16 22:17:56', '82f289d5-37b0-4e4f-a49b-9089c3f23c4e'),
 ('7', 'Asset', '1', '0', '2017-07-11 23:42:44', '2017-07-16 22:17:56', '488102be-4883-431f-a62e-738a353fbcbb'),
 ('8', 'Asset', '1', '0', '2017-07-11 23:42:44', '2017-07-16 22:17:57', 'a5fc41d7-7c49-4fa2-8501-d0bb6054f6b1'),
 ('9', 'Asset', '1', '0', '2017-07-11 23:42:45', '2017-07-16 22:17:57', 'b899600b-182e-40a9-be9a-ff70154edd31'),
 ('10', 'Asset', '1', '0', '2017-07-11 23:42:46', '2017-07-16 22:17:58', 'a51b4354-4585-44f6-87c0-7f8b373d287c'),
 ('11', 'Asset', '1', '0', '2017-07-11 23:42:47', '2017-07-16 22:17:58', 'fffd00c4-60fc-48bf-be24-ad43e35a7cf4'),
 ('12', 'Asset', '1', '0', '2017-07-11 23:42:47', '2017-07-16 22:17:58', '60bf4059-d481-444c-8bce-eabe732f4311'),
 ('13', 'Asset', '1', '0', '2017-07-11 23:42:48', '2017-07-16 22:17:59', '106570d1-b7f3-4b0c-9106-1cbfd1c7d95e'),
 ('14', 'Asset', '1', '0', '2017-07-11 23:42:49', '2017-07-16 22:17:59', '810bd8a3-57f5-4ba9-bc34-9bf22d204c59'),
 ('15', 'Asset', '1', '0', '2017-07-11 23:42:49', '2017-07-16 22:17:57', '6d98cf2b-cb7a-4999-8150-cd01aad6ea8a'),
 ('17', 'Category', '1', '0', '2017-07-12 01:25:12', '2017-07-12 01:25:12', '63cc25f2-15ac-41bd-8124-dd7edeb33491'),
 ('18', 'Category', '1', '0', '2017-07-12 01:25:20', '2017-07-12 01:25:20', '5925b98d-2b5a-4d9e-9190-50841c6613d2'),
 ('19', 'Category', '1', '0', '2017-07-12 01:25:42', '2017-07-12 01:25:42', '313f7652-fbae-4ec0-939a-58bcc4bc3136'),
 ('20', 'Entry', '1', '0', '2017-07-13 23:20:03', '2017-07-14 00:27:20', 'b725a416-49f2-4c3a-b205-d98f63beb82d'),
 ('21', 'MatrixBlock', '1', '0', '2017-07-13 23:20:03', '2017-07-14 00:27:20', '1482e815-e6eb-4b1c-9f80-ee76ecbcf322'),
 ('22', 'MatrixBlock', '1', '0', '2017-07-13 23:20:03', '2017-07-14 00:27:20', '25f08153-5ba3-4195-9f0a-8c200bb36b29'),
 ('23', 'MatrixBlock', '1', '0', '2017-07-13 23:20:03', '2017-07-14 00:27:20', '8df51657-b3b0-4ab1-a0ac-78bc81a30fe5'),
 ('25', 'Entry', '1', '0', '2017-07-14 00:27:07', '2017-07-14 00:27:07', '2c7b1b17-341c-4038-8742-a83c658e3423'),
 ('26', 'MatrixBlock', '1', '0', '2017-07-14 00:27:07', '2017-07-14 00:27:07', 'bffbe4c3-15b8-4c43-a54e-b26310506160'),
 ('27', 'MatrixBlock', '1', '0', '2017-07-14 00:27:07', '2017-07-14 00:27:07', '05b059b6-bae6-4cbf-8288-1c273b70db19'),
 ('28', 'Entry', '1', '0', '2017-07-14 18:43:45', '2017-07-14 20:20:13', 'b2b893a6-578b-4113-b9aa-3bf400f40a68'),
 ('29', 'MatrixBlock', '1', '0', '2017-07-14 18:43:45', '2017-07-14 20:20:13', '01f7c7c8-b22f-4e6e-bb05-9653cca64c39'),
 ('30', 'MatrixBlock', '1', '0', '2017-07-14 18:43:45', '2017-07-14 20:20:13', '25d82109-7bd0-4016-a2aa-cdee5ac811a6'),
 ('31', 'MatrixBlock', '1', '0', '2017-07-14 18:43:45', '2017-07-14 20:20:13', 'ed71dd7b-7105-4ce1-a7c9-d69c550bfd13'),
 ('32', 'Tag', '1', '0', '2017-07-14 19:04:42', '2017-07-14 19:04:42', '23ddd535-c40a-49b7-beed-83b07a803555'),
 ('33', 'Tag', '1', '0', '2017-07-14 19:04:48', '2017-07-14 19:04:48', 'af5171d0-a7d1-4cc5-b030-b6a9708b9bc7'),
 ('34', 'Tag', '1', '0', '2017-07-14 19:04:51', '2017-07-14 19:04:51', 'e9b57e62-de56-4462-a900-6d40fb74cc51'),
 ('35', 'MatrixBlock', '1', '0', '2017-07-14 19:04:57', '2017-07-14 20:20:13', '7eaaeabf-c115-413d-8e39-525bbb6499bd'),
 ('36', 'MatrixBlock', '1', '0', '2017-07-14 19:04:57', '2017-07-14 20:20:13', '62effad4-6e0a-470d-8961-087fe1d6cbba'),
 ('37', 'MatrixBlock', '1', '0', '2017-07-14 19:04:57', '2017-07-14 20:20:13', 'fe93b2ed-d84a-4c76-bc8c-6fea82b780d1'),
 ('38', 'MatrixBlock', '1', '0', '2017-07-14 19:04:57', '2017-07-14 20:20:13', 'e527e9de-a772-4b23-87bd-9ceaa774c686'),
 ('39', 'Asset', '1', '0', '2017-07-16 20:16:59', '2017-07-16 22:17:59', 'd3e2df92-c2a7-45f9-8bba-2eeb873877e5'),
 ('40', 'Asset', '1', '0', '2017-07-16 20:52:56', '2017-07-16 22:17:55', 'a3e1eff5-d15a-46e3-87cf-de89c37494f7'),
 ('41', 'Entry', '1', '0', '2017-07-16 20:53:22', '2017-07-16 20:53:22', '9c31506f-39e4-48fa-b2fe-82a25a898195');



DROP TABLE IF EXISTS `sk_elements_i18n`;


--
-- Schema for table `sk_elements_i18n`
--
CREATE TABLE `sk_elements_i18n` (
  `id` int(11) NOT NULL AUTO_INCREMENT,
  `elementId` int(11) NOT NULL,
  `locale` char(12) COLLATE utf8_unicode_ci NOT NULL,
  `slug` varchar(255) COLLATE utf8_unicode_ci DEFAULT NULL,
  `uri` varchar(255) COLLATE utf8_unicode_ci DEFAULT NULL,
  `enabled` tinyint(1) unsigned NOT NULL DEFAULT '1',
  `dateCreated` datetime NOT NULL,
  `dateUpdated` datetime NOT NULL,
  `uid` char(36) COLLATE utf8_unicode_ci NOT NULL DEFAULT '0',
  PRIMARY KEY (`id`),
  UNIQUE KEY `sk_elements_i18n_elementId_locale_unq_idx` (`elementId`,`locale`),
  UNIQUE KEY `sk_elements_i18n_uri_locale_unq_idx` (`uri`,`locale`),
  KEY `sk_elements_i18n_slug_locale_idx` (`slug`,`locale`),
  KEY `sk_elements_i18n_enabled_idx` (`enabled`),
  KEY `sk_elements_i18n_locale_fk` (`locale`)
) ENGINE=InnoDB AUTO_INCREMENT=41 DEFAULT CHARSET=utf8 COLLATE=utf8_unicode_ci;

--
-- Data for table `sk_elements_i18n`
--

INSERT INTO `sk_elements_i18n` (`id`, `elementId`, `locale`, `slug`, `uri`, `enabled`, `dateCreated`, `dateUpdated`, `uid`) VALUES
 ('1', '1', 'en_us', '', NULL, '1', '2017-07-11 20:37:20', '2017-07-11 20:37:20', 'ad93ad68-4023-4241-921f-652911710a39'),
 ('2', '2', 'en_us', 'homepage', '__home__', '1', '2017-07-11 20:37:21', '2017-07-11 20:37:21', 'aad5f886-f809-4e75-89a7-958efdb9faf0'),
 ('3', '3', 'en_us', 'we-just-installed-craft', 'news/2017/we-just-installed-craft', '1', '2017-07-11 20:37:21', '2017-07-11 20:37:21', '767e6fdb-556e-41c5-9ada-38f6265744fc'),
 ('4', '4', 'en_us', 'spaghetti', 'spaghetti', '1', '2017-07-11 22:47:52', '2017-07-16 20:16:01', '1d222b81-5cc5-43bb-aead-78ef295be9da'),
 ('5', '5', 'en_us', '', NULL, '1', '2017-07-11 22:47:52', '2017-07-16 20:16:01', '51892288-68e4-4141-969f-bff9eae366b0'),
 ('6', '6', 'en_us', 'thai-lettuce-wrap-1-min', NULL, '1', '2017-07-11 23:42:43', '2017-07-16 22:17:56', '72fa5b18-401f-44c6-a2ff-78703a332038'),
 ('7', '7', 'en_us', 'thai-lettuce-wrap-2-min', NULL, '1', '2017-07-11 23:42:44', '2017-07-16 22:17:56', '72ed6904-5fdc-45c4-996f-c98be1b25a2a'),
 ('8', '8', 'en_us', 'thai-lettuce-wrap-3-min', NULL, '1', '2017-07-11 23:42:45', '2017-07-16 22:17:57', '214865d2-a497-4469-b664-09c3a0f393c8'),
 ('9', '9', 'en_us', 'thai-lettuce-wrap-4-min', NULL, '1', '2017-07-11 23:42:45', '2017-07-16 22:17:57', 'ec274e05-cfb3-4ae9-949a-af0505a76255'),
 ('10', '10', 'en_us', 'thai-lettuce-wrap-5-min', NULL, '1', '2017-07-11 23:42:46', '2017-07-16 22:17:58', '2f7cc14f-8036-4a78-8de4-d393eb8fa044'),
 ('11', '11', 'en_us', 'thai-lettuce-wrap-6-min', NULL, '1', '2017-07-11 23:42:47', '2017-07-16 22:17:58', '8862b6ce-b149-4dae-8a86-c7e3f9a87d87'),
 ('12', '12', 'en_us', 'thai-lettuce-wrap-7-min', NULL, '1', '2017-07-11 23:42:47', '2017-07-16 22:17:58', '2505e0f7-d623-4d54-bb8d-f5135a6c4d13'),
 ('13', '13', 'en_us', 'thai-lettuce-wrap-8-min', NULL, '1', '2017-07-11 23:42:48', '2017-07-16 22:17:59', '95362a05-1216-4941-a4a4-b53e0ec128c2'),
 ('14', '14', 'en_us', 'thai-lettuce-wrap-9-min', NULL, '1', '2017-07-11 23:42:49', '2017-07-16 22:17:59', '01cc76dd-6fbb-455f-9d89-602f283df667'),
 ('15', '15', 'en_us', 'thai-lettuce-wrap-10-min', NULL, '1', '2017-07-11 23:42:49', '2017-07-16 22:17:57', '404b2417-3782-456c-a3c8-ac7b7172bbf8'),
 ('16', '17', 'en_us', 'dinners', 'recipes/dinners', '1', '2017-07-12 01:25:12', '2017-07-12 01:25:14', '9eb9f76d-9387-4adb-b20f-7cad31e5aff6'),
 ('17', '18', 'en_us', 'lunch', 'recipes/lunch', '1', '2017-07-12 01:25:20', '2017-07-12 01:25:22', '1908e0de-8c65-49c4-a50b-e147a10144b9'),
 ('18', '19', 'en_us', 'main-course', 'recipes/main-course', '1', '2017-07-12 01:25:43', '2017-07-12 01:25:45', '658b4e03-4a1e-45ca-9ed5-abdbcd710335'),
 ('19', '20', 'en_us', 'header', NULL, '1', '2017-07-13 23:20:03', '2017-07-14 00:27:20', '02ae224c-20a2-44f1-a055-d4c64720a7b0'),
 ('20', '21', 'en_us', '', NULL, '1', '2017-07-13 23:20:03', '2017-07-14 00:27:20', '84a7109d-f309-4fe7-b53f-12a4db502a62'),
 ('21', '22', 'en_us', '', NULL, '1', '2017-07-13 23:20:03', '2017-07-14 00:27:20', '506798a3-cb24-4559-811d-10e92c911328'),
 ('22', '23', 'en_us', '', NULL, '1', '2017-07-13 23:20:03', '2017-07-14 00:27:20', 'beceaf46-780c-4252-9f6a-43db39832f29'),
 ('24', '25', 'en_us', 'footer', NULL, '1', '2017-07-14 00:27:07', '2017-07-14 00:27:10', 'cba34d80-b89c-4154-8e7f-33627527afb5'),
 ('25', '26', 'en_us', '', NULL, '1', '2017-07-14 00:27:07', '2017-07-14 00:27:07', 'bab95ff0-38b5-4169-874b-740f4b8d27fb'),
 ('26', '27', 'en_us', '', NULL, '1', '2017-07-14 00:27:07', '2017-07-14 00:27:07', '7af51e54-d0c8-48eb-b5cd-99bf959e00f0'),
 ('27', '28', 'en_us', 'vegan-thai-larb-lettuce-cups', 'vegan-thai-larb-lettuce-cups', '1', '2017-07-14 18:43:45', '2017-07-14 20:20:13', 'd48f1664-4b74-40ee-b8bd-0b1dfef48ef4'),
 ('28', '29', 'en_us', '', NULL, '1', '2017-07-14 18:43:45', '2017-07-14 20:20:13', 'a8300479-16c4-473a-ba0c-9de3ba2b6d66'),
 ('29', '30', 'en_us', '', NULL, '1', '2017-07-14 18:43:45', '2017-07-14 20:20:13', '79a5a289-317c-4c31-9fe3-264f607d5b89'),
 ('30', '31', 'en_us', '', NULL, '1', '2017-07-14 18:43:45', '2017-07-14 20:20:13', '58869bab-2832-47a6-ad87-8fe4212693aa'),
 ('31', '32', 'en_us', 'vegan', NULL, '1', '2017-07-14 19:04:42', '2017-07-14 19:04:42', '8d072e71-8a9a-40e7-a74b-64909f8370f2'),
 ('32', '33', 'en_us', 'lettu', NULL, '1', '2017-07-14 19:04:48', '2017-07-14 19:04:48', 'ee5d8a1f-9fc0-44c8-91bb-66b9f372dfc9'),
 ('33', '34', 'en_us', 'easy', NULL, '1', '2017-07-14 19:04:51', '2017-07-14 19:04:51', 'ba72debb-0acd-4259-ba86-3d550fd04abb'),
 ('34', '35', 'en_us', '', NULL, '1', '2017-07-14 19:04:57', '2017-07-14 20:20:13', 'ce9cd339-e71c-4055-a2c3-931453e8b663'),
 ('35', '36', 'en_us', '', NULL, '1', '2017-07-14 19:04:57', '2017-07-14 20:20:13', 'd24f17e5-941f-45d7-86cd-255641e01bfc'),
 ('36', '37', 'en_us', '', NULL, '1', '2017-07-14 19:04:57', '2017-07-14 20:20:13', '9aa8ec60-c3b5-437c-8323-ea94ab461172'),
 ('37', '38', 'en_us', '', NULL, '1', '2017-07-14 19:04:57', '2017-07-14 20:20:13', 'e502c848-37a4-445e-8342-f24041b4b5be'),
 ('38', '39', 'en_us', 'spaghetti', NULL, '1', '2017-07-16 20:16:59', '2017-07-16 22:17:59', '9e2aa022-0544-4ab7-a598-21924bc0fabb'),
 ('39', '40', 'en_us', 'dsf7971', NULL, '1', '2017-07-16 20:52:56', '2017-07-16 22:17:55', 'd1587c33-1c3c-4811-8ac7-e19765bfe933'),
 ('40', '41', 'en_us', 'shrimp-ceviche', 'shrimp-ceviche', '1', '2017-07-16 20:53:22', '2017-07-16 20:53:22', 'ba36165d-2ebb-41da-96b6-3e828d945ef8');



DROP TABLE IF EXISTS `sk_emailmessages`;


--
-- Schema for table `sk_emailmessages`
--
CREATE TABLE `sk_emailmessages` (
  `id` int(11) NOT NULL AUTO_INCREMENT,
  `key` char(150) COLLATE utf8_unicode_ci NOT NULL,
  `locale` char(12) COLLATE utf8_unicode_ci NOT NULL,
  `subject` varchar(1000) COLLATE utf8_unicode_ci NOT NULL,
  `body` text COLLATE utf8_unicode_ci NOT NULL,
  `dateCreated` datetime NOT NULL,
  `dateUpdated` datetime NOT NULL,
  `uid` char(36) COLLATE utf8_unicode_ci NOT NULL DEFAULT '0',
  PRIMARY KEY (`id`),
  UNIQUE KEY `sk_emailmessages_key_locale_unq_idx` (`key`,`locale`),
  KEY `sk_emailmessages_locale_fk` (`locale`)
) ENGINE=InnoDB DEFAULT CHARSET=utf8 COLLATE=utf8_unicode_ci;

DROP TABLE IF EXISTS `sk_entries`;


--
-- Schema for table `sk_entries`
--
CREATE TABLE `sk_entries` (
  `id` int(11) NOT NULL,
  `sectionId` int(11) NOT NULL,
  `typeId` int(11) DEFAULT NULL,
  `authorId` int(11) DEFAULT NULL,
  `postDate` datetime DEFAULT NULL,
  `expiryDate` datetime DEFAULT NULL,
  `dateCreated` datetime NOT NULL,
  `dateUpdated` datetime NOT NULL,
  `uid` char(36) COLLATE utf8_unicode_ci NOT NULL DEFAULT '0',
  PRIMARY KEY (`id`),
  KEY `sk_entries_sectionId_idx` (`sectionId`),
  KEY `sk_entries_typeId_idx` (`typeId`),
  KEY `sk_entries_postDate_idx` (`postDate`),
  KEY `sk_entries_expiryDate_idx` (`expiryDate`),
  KEY `sk_entries_authorId_fk` (`authorId`)
) ENGINE=InnoDB DEFAULT CHARSET=utf8 COLLATE=utf8_unicode_ci;

--
-- Data for table `sk_entries`
--

INSERT INTO `sk_entries` (`id`, `sectionId`, `typeId`, `authorId`, `postDate`, `expiryDate`, `dateCreated`, `dateUpdated`, `uid`) VALUES
 ('2', '1', NULL, NULL, '2017-07-11 20:37:20', NULL, '2017-07-11 20:37:21', '2017-07-11 20:37:21', '46589e96-c388-41dd-917e-73057981906b'),
 ('3', '2', '2', '1', '2017-07-11 20:37:21', NULL, '2017-07-11 20:37:21', '2017-07-11 20:37:21', 'ca28f2af-54df-459c-86e3-de897bb02937'),
 ('4', '3', '3', '1', '2017-07-11 22:47:00', NULL, '2017-07-11 22:47:52', '2017-07-16 20:16:01', 'cae97ddd-9664-48ac-b76e-aed9dc5904c3'),
 ('20', '4', '4', '1', '2017-07-13 23:20:00', NULL, '2017-07-13 23:20:03', '2017-07-14 00:27:20', 'a3618c9a-5742-40f6-9513-b86175f71e25'),
 ('25', '4', '4', '1', '2017-07-14 00:27:07', NULL, '2017-07-14 00:27:07', '2017-07-14 00:27:07', 'ae077da3-40b9-474a-8db8-642aabbe4486'),
 ('28', '3', '3', '1', '2017-07-14 18:43:00', NULL, '2017-07-14 18:43:45', '2017-07-14 20:20:13', '6c35741a-49cb-44ad-a413-3e9e4e949f6f'),
 ('41', '3', '3', '1', '2017-07-16 20:53:22', NULL, '2017-07-16 20:53:22', '2017-07-16 20:53:22', 'fe9ff3d4-193e-4b77-8eec-7dc57a738d3e');



DROP TABLE IF EXISTS `sk_entrydrafts`;


--
-- Schema for table `sk_entrydrafts`
--
CREATE TABLE `sk_entrydrafts` (
  `id` int(11) NOT NULL AUTO_INCREMENT,
  `entryId` int(11) NOT NULL,
  `sectionId` int(11) NOT NULL,
  `creatorId` int(11) NOT NULL,
  `locale` char(12) COLLATE utf8_unicode_ci NOT NULL,
  `name` varchar(255) COLLATE utf8_unicode_ci NOT NULL,
  `notes` tinytext COLLATE utf8_unicode_ci,
  `data` mediumtext COLLATE utf8_unicode_ci NOT NULL,
  `dateCreated` datetime NOT NULL,
  `dateUpdated` datetime NOT NULL,
  `uid` char(36) COLLATE utf8_unicode_ci NOT NULL DEFAULT '0',
  PRIMARY KEY (`id`),
  KEY `sk_entrydrafts_entryId_locale_idx` (`entryId`,`locale`),
  KEY `sk_entrydrafts_sectionId_fk` (`sectionId`),
  KEY `sk_entrydrafts_creatorId_fk` (`creatorId`),
  KEY `sk_entrydrafts_locale_fk` (`locale`)
) ENGINE=InnoDB DEFAULT CHARSET=utf8 COLLATE=utf8_unicode_ci;

DROP TABLE IF EXISTS `sk_entrytypes`;


--
-- Schema for table `sk_entrytypes`
--
CREATE TABLE `sk_entrytypes` (
  `id` int(11) NOT NULL AUTO_INCREMENT,
  `sectionId` int(11) NOT NULL,
  `fieldLayoutId` int(11) DEFAULT NULL,
  `name` varchar(255) COLLATE utf8_unicode_ci NOT NULL,
  `handle` varchar(255) COLLATE utf8_unicode_ci NOT NULL,
  `hasTitleField` tinyint(1) unsigned NOT NULL DEFAULT '1',
  `titleLabel` varchar(255) COLLATE utf8_unicode_ci DEFAULT 'Title',
  `titleFormat` varchar(255) COLLATE utf8_unicode_ci DEFAULT NULL,
  `sortOrder` smallint(6) unsigned DEFAULT NULL,
  `dateCreated` datetime NOT NULL,
  `dateUpdated` datetime NOT NULL,
  `uid` char(36) COLLATE utf8_unicode_ci NOT NULL DEFAULT '0',
  PRIMARY KEY (`id`),
  UNIQUE KEY `sk_entrytypes_name_sectionId_unq_idx` (`name`,`sectionId`),
  UNIQUE KEY `sk_entrytypes_handle_sectionId_unq_idx` (`handle`,`sectionId`),
  KEY `sk_entrytypes_sectionId_fk` (`sectionId`),
  KEY `sk_entrytypes_fieldLayoutId_fk` (`fieldLayoutId`)
) ENGINE=InnoDB AUTO_INCREMENT=5 DEFAULT CHARSET=utf8 COLLATE=utf8_unicode_ci;

--
-- Data for table `sk_entrytypes`
--

INSERT INTO `sk_entrytypes` (`id`, `sectionId`, `fieldLayoutId`, `name`, `handle`, `hasTitleField`, `titleLabel`, `titleFormat`, `sortOrder`, `dateCreated`, `dateUpdated`, `uid`) VALUES
 ('1', '1', '39', 'Homepage', 'homepage', '1', 'Title', NULL, '1', '2017-07-11 20:37:20', '2017-07-14 23:21:41', '9ffbefe8-c9c4-40e1-8787-574a9c297d06'),
 ('2', '2', '5', 'News', 'news', '1', 'Title', NULL, '1', '2017-07-11 20:37:21', '2017-07-11 20:37:21', '60a2f66f-f2af-4415-aff5-10deab75e74b'),
 ('3', '3', '30', 'Blog Post', 'blog_post', '1', 'Title', NULL, '1', '2017-07-11 21:59:31', '2017-07-14 18:19:50', '52cfcb87-d22b-4463-a707-a74901b8eab1'),
 ('4', '4', '27', 'Navigation', 'navigation', '1', 'Title', NULL, '1', '2017-07-13 23:12:26', '2017-07-13 23:18:29', '0372aa98-2d5e-4b7f-852d-8d7a60046c62');



DROP TABLE IF EXISTS `sk_entryversions`;


--
-- Schema for table `sk_entryversions`
--
CREATE TABLE `sk_entryversions` (
  `id` int(11) NOT NULL AUTO_INCREMENT,
  `entryId` int(11) NOT NULL,
  `sectionId` int(11) NOT NULL,
  `creatorId` int(11) DEFAULT NULL,
  `locale` char(12) COLLATE utf8_unicode_ci NOT NULL,
  `num` smallint(6) unsigned NOT NULL,
  `notes` tinytext COLLATE utf8_unicode_ci,
  `data` mediumtext COLLATE utf8_unicode_ci NOT NULL,
  `dateCreated` datetime NOT NULL,
  `dateUpdated` datetime NOT NULL,
  `uid` char(36) COLLATE utf8_unicode_ci NOT NULL DEFAULT '0',
  PRIMARY KEY (`id`),
  KEY `sk_entryversions_entryId_locale_idx` (`entryId`,`locale`),
  KEY `sk_entryversions_sectionId_fk` (`sectionId`),
  KEY `sk_entryversions_creatorId_fk` (`creatorId`),
  KEY `sk_entryversions_locale_fk` (`locale`)
) ENGINE=InnoDB AUTO_INCREMENT=18 DEFAULT CHARSET=utf8 COLLATE=utf8_unicode_ci;

--
-- Data for table `sk_entryversions`
--

INSERT INTO `sk_entryversions` (`id`, `entryId`, `sectionId`, `creatorId`, `locale`, `num`, `notes`, `data`, `dateCreated`, `dateUpdated`, `uid`) VALUES
 ('1', '2', '1', '1', 'en_us', '1', NULL, '{\"typeId\":\"1\",\"authorId\":null,\"title\":\"Homepage\",\"slug\":\"homepage\",\"postDate\":1499805440,\"expiryDate\":null,\"enabled\":1,\"parentId\":null,\"fields\":[]}', '2017-07-11 20:37:21', '2017-07-11 20:37:21', 'be4ce172-79f8-403c-a9b1-62987f8c7d8b'),
 ('2', '2', '1', '1', 'en_us', '2', NULL, '{\"typeId\":null,\"authorId\":null,\"title\":\"Welcome to 192.168.33.10!\",\"slug\":\"homepage\",\"postDate\":1499805440,\"expiryDate\":null,\"enabled\":\"1\",\"parentId\":null,\"fields\":{\"1\":\"<p>It\\u2019s true, this site doesn\\u2019t have a whole lot of content yet, but don\\u2019t worry. Our web developers have just installed the CMS, and they\\u2019re setting things up for the content editors this very moment. Soon 192.168.33.10 will be an oasis of fresh perspectives, sharp analyses, and astute opinions that will keep you coming back again and again.<\\/p>\"}}', '2017-07-11 20:37:21', '2017-07-11 20:37:21', '16919e11-2e14-4815-a7ab-986b138fed18'),
 ('3', '3', '2', '1', 'en_us', '1', NULL, '{\"typeId\":\"2\",\"authorId\":\"1\",\"title\":\"We just installed Craft!\",\"slug\":\"we-just-installed-craft\",\"postDate\":1499805441,\"expiryDate\":null,\"enabled\":1,\"parentId\":null,\"fields\":[]}', '2017-07-11 20:37:21', '2017-07-11 20:37:21', '36e00dbb-3ffe-40de-aded-3119d2c3eed3'),
 ('4', '4', '3', '1', 'en_us', '1', '', '{\"typeId\":null,\"authorId\":\"1\",\"title\":\"Sup\",\"slug\":\"sup\",\"postDate\":1499813220,\"expiryDate\":null,\"enabled\":1,\"parentId\":null,\"fields\":{\"3\":{\"new1\":{\"type\":\"paragraph\",\"enabled\":\"1\",\"fields\":{\"paragraph\":\"<div class=\\\"video-container\\\">this is some copy&nbsp;<\\/div>\"}}},\"2\":\"\"}}', '2017-07-11 22:47:52', '2017-07-11 22:47:52', '0b91a2c9-9f49-45df-b50c-663e064510cc'),
 ('5', '4', '3', '1', 'en_us', '2', '', '{\"typeId\":\"3\",\"authorId\":\"1\",\"title\":\"Sup\",\"slug\":\"sup\",\"postDate\":1499813220,\"expiryDate\":null,\"enabled\":1,\"parentId\":null,\"fields\":{\"3\":{\"5\":{\"type\":\"paragraph\",\"enabled\":\"1\",\"fields\":{\"paragraph\":\"<figure><img src=\\\"\\/images\\/food\\/Thai-Lettuce-Wrap-1-min.jpg#asset:6\\\"><figcaption>Delicious<\\/figcaption><\\/figure><p>some copy&nbsp;<\\/p>\"}}},\"2\":\"\"}}', '2017-07-11 23:44:48', '2017-07-11 23:44:48', 'efdb6a4b-d7b1-4eda-bc86-0b2cce83fcec'),
 ('6', '4', '3', '1', 'en_us', '3', '', '{\"typeId\":\"3\",\"authorId\":\"1\",\"title\":\"Sup\",\"slug\":\"sup\",\"postDate\":1499813220,\"expiryDate\":null,\"enabled\":1,\"parentId\":null,\"fields\":{\"3\":{\"5\":{\"type\":\"paragraph\",\"enabled\":\"1\",\"fields\":{\"paragraph\":\"<figure><img src=\\\"\\/images\\/food\\/Thai-Lettuce-Wrap-2-min.jpg#asset:7\\\"><\\/figure>\\r\\n<p><img src=\\\"\\/images\\/food\\/Thai-Lettuce-Wrap-1-min.jpg#asset:6:url\\\" alt=\\\"Thai-Lettuce-Wrap-1-min.jpg#asset:6\\\">Delicious<br><\\/p>\\r\\n<blockquote>some copy&nasdf asdf asdf asdf asd asfasdfasdfa asd<a href=\\\"http:\\/\\/satyakitchen.dev\\/#entry:2\\\">s<\\/a>&nbsp;fbsp;<\\/blockquote><p><br><\\/p><p><a href=\\\"http:\\/\\/satyakitchen.dev\\/#entry:2\\\">This is it!<\\/a><\\/p>\"}}},\"2\":\"\"}}', '2017-07-11 23:53:28', '2017-07-11 23:53:28', '08771d1a-965e-4ac4-b01e-1524807c2951'),
 ('7', '20', '4', '1', 'en_us', '1', '', '{\"typeId\":null,\"authorId\":\"1\",\"title\":\"Header\",\"slug\":\"header\",\"postDate\":1499988003,\"expiryDate\":null,\"enabled\":1,\"parentId\":\"\",\"fields\":{\"15\":{\"new1\":{\"type\":\"links\",\"enabled\":\"1\",\"fields\":{\"linkText\":\"Home\",\"linkUrl\":\"\",\"linkEntry\":[\"2\"],\"linkCategory\":\"\"}},\"new2\":{\"type\":\"links\",\"enabled\":\"1\",\"fields\":{\"linkText\":\"Google\",\"linkUrl\":\"http:\\/\\/www.google.com\",\"linkEntry\":\"\",\"linkCategory\":\"\"}},\"new3\":{\"type\":\"links\",\"enabled\":\"1\",\"fields\":{\"linkText\":\"Main Course\",\"linkUrl\":\"\",\"linkEntry\":\"\",\"linkCategory\":[\"19\"]}}}}}', '2017-07-13 23:20:03', '2017-07-13 23:20:03', '662036b5-a8ae-44a2-82fe-4f7c2f9f5daa'),
 ('9', '20', '4', '1', 'en_us', '2', '', '{\"typeId\":\"4\",\"authorId\":\"1\",\"title\":\"Header\",\"slug\":\"header\",\"postDate\":1499988000,\"expiryDate\":null,\"enabled\":1,\"parentId\":\"\",\"fields\":{\"15\":{\"21\":{\"type\":\"links\",\"enabled\":\"1\",\"fields\":{\"linkText\":\"Home\",\"linkUrl\":\"\",\"linkEntry\":[\"2\"],\"linkCategory\":\"\"}},\"22\":{\"type\":\"links\",\"enabled\":\"1\",\"fields\":{\"linkText\":\"Google\",\"linkUrl\":\"http:\\/\\/www.google.com\",\"linkEntry\":\"\",\"linkCategory\":\"\"}},\"23\":{\"type\":\"links\",\"enabled\":\"1\",\"fields\":{\"linkText\":\"Main Course\",\"linkUrl\":\"\",\"linkEntry\":\"\",\"linkCategory\":[\"19\"]}}}}}', '2017-07-14 00:18:09', '2017-07-14 00:18:09', '5ffc2c67-ae1c-46b1-a837-ba8b4e2fad87'),
 ('10', '25', '4', '1', 'en_us', '1', '', '{\"typeId\":null,\"authorId\":\"1\",\"title\":\"Footer\",\"slug\":\"footer\",\"postDate\":1499992027,\"expiryDate\":null,\"enabled\":1,\"parentId\":\"\",\"fields\":{\"15\":{\"new1\":{\"type\":\"links\",\"enabled\":\"1\",\"fields\":{\"linkText\":\"Social\",\"linkUrl\":\"http:\\/\\/www.instagram.com\",\"linkEntry\":\"\",\"linkCategory\":\"\"}},\"new2\":{\"type\":\"links\",\"enabled\":\"1\",\"fields\":{\"linkText\":\"About\",\"linkUrl\":\"\",\"linkEntry\":[\"24\"],\"linkCategory\":\"\"}}}}}', '2017-07-14 00:27:07', '2017-07-14 00:27:07', '21a75a6a-8417-43f4-858c-6033bbcd5732'),
 ('11', '20', '4', '1', 'en_us', '3', '', '{\"typeId\":\"4\",\"authorId\":\"1\",\"title\":\"Header\",\"slug\":\"header\",\"postDate\":1499988000,\"expiryDate\":null,\"enabled\":1,\"parentId\":\"\",\"fields\":{\"15\":{\"21\":{\"type\":\"links\",\"enabled\":\"1\",\"fields\":{\"linkText\":\"Home\",\"linkUrl\":\"\",\"linkEntry\":[\"2\"],\"linkCategory\":\"\"}},\"22\":{\"type\":\"links\",\"enabled\":\"1\",\"fields\":{\"linkText\":\"Google\",\"linkUrl\":\"http:\\/\\/www.google.com\",\"linkEntry\":\"\",\"linkCategory\":\"\"}},\"23\":{\"type\":\"links\",\"enabled\":\"1\",\"fields\":{\"linkText\":\"Main Course\",\"linkUrl\":\"\",\"linkEntry\":\"\",\"linkCategory\":[\"19\"]}}}}}', '2017-07-14 00:27:20', '2017-07-14 00:27:20', '23ba2994-de20-4cbf-8c02-cfee38cfe4f2'),
 ('12', '28', '3', '1', 'en_us', '1', '', '{\"typeId\":null,\"authorId\":\"1\",\"title\":\"Vegan Thai Larb Lettuce Cups\",\"slug\":\"vegan-thai-larb-lettuce-cups\",\"postDate\":1500057825,\"expiryDate\":null,\"enabled\":1,\"parentId\":null,\"fields\":{\"13\":\"\",\"20\":[\"14\"],\"3\":{\"new1\":{\"type\":\"paragraph\",\"enabled\":\"1\",\"fields\":{\"paragraph\":\"<p>I\'ll be the first to admit that I\'ve always been rather skeptical and intimidated by the idea of veganism. To me, it\'s always sounded like a buzz word that implies a rigid restriction and deprivation around food which, for someone who loves food as much as I do, is a huge turn off. In our society, there\'s so much baggage tied to food and eating, and morality is inextricably linked to healthy eating. If you\'re a vegan, you\'re a good, righteous person who stands up for helpless animals and treats your body as a temple. If you\'re a meat eater, you\'re an indulgent carnivore that\'s ruled by your primal cravings.<\\/p><p>These stereotypes have always made me feel like I\'ve had to pick a side and stay within my lane. I don\'t eat vegan because I\'m not \\\"that type of person\\\". But lately, now that I\'ve embarked on my own journey towards getting healthy and becoming a health coach, my ideas have began to shift. I\'m realizing that my relationship to food as not as black and white as I\'ve always made it out to be and my food choices should be ruled by my body instead of my mind. If my body wants a steak then I want to give it the fattest, juciest steak I can get my hands on. If my body is craving vegetables, I want to feed it a ripe, colorful, diverse array of veggies. My body knows what it needs and the more I tap in and listen to that, the healthier and more fulfilled I will be.<\\/p><p>That said, at one point if someone told me that I would voluntarily make one of my favorite recipes, Thai Larb lettuce cups, &nbsp;into a vegan recipe I would have balked and probably even gagged at the idea. But here I am, replacing ground beef with vegan tempeh in this fresh, delicious recipe and loving every bite. I don\'t even recognize myself anymore.<br><\\/p>\"}},\"new2\":{\"type\":\"image\",\"enabled\":\"1\",\"fields\":{\"fullBleedImage\":[\"11\"],\"singleImage\":\"\",\"imageRow\":\"\"}},\"new3\":{\"type\":\"image\",\"enabled\":\"1\",\"fields\":{\"fullBleedImage\":\"\",\"singleImage\":\"\",\"imageRow\":[\"7\",\"8\"]}}},\"14\":\"\",\"12\":\"Perfect for a quick and tasty lunch!\",\"2\":\"\"}}', '2017-07-14 18:43:45', '2017-07-14 18:43:45', '31be50c4-0c98-4d2e-8ec7-9090b4c40db9'),
 ('13', '28', '3', '1', 'en_us', '2', '', '{\"typeId\":\"3\",\"authorId\":\"1\",\"title\":\"Vegan Thai Larb Lettuce Cups\",\"slug\":\"vegan-thai-larb-lettuce-cups\",\"postDate\":1500057780,\"expiryDate\":null,\"enabled\":1,\"parentId\":null,\"fields\":{\"13\":\"\",\"20\":[\"14\"],\"3\":{\"29\":{\"type\":\"paragraph\",\"enabled\":\"1\",\"fields\":{\"paragraph\":\"<p>I\'ll be the first to admit that I\'ve always been rather skeptical and intimidated by the idea of veganism. To me, it\'s always sounded like a buzz word that implies a rigid restriction and deprivation around food which, for someone who loves food as much as I do, is a huge turn off. In our society, there\'s so much baggage tied to food and eating, and morality is inextricably linked to healthy eating. If you\'re a vegan, you\'re a good, righteous person who stands up for helpless animals and treats your body as a temple. If you\'re a meat eater, you\'re an indulgent carnivore that\'s ruled by your primal cravings.<\\/p>\\r\\n<p>These stereotypes have always made me feel like I\'ve had to pick a side and stay within my lane. I don\'t eat vegan because I\'m not \\\"that type of person\\\". But lately, now that I\'ve embarked on my own journey towards getting healthy and becoming a health coach, my ideas have began to shift. I\'m realizing that my relationship to food as not as black and white as I\'ve always made it out to be and my food choices should be ruled by my body instead of my mind. If my body wants a steak then I want to give it the fattest, juciest steak I can get my hands on. If my body is craving vegetables, I want to feed it a ripe, colorful, diverse array of veggies. My body knows what it needs and the more I tap in and listen to that, the healthier and more fulfilled I will be.<\\/p>\\r\\n<p>That said, at one point if someone told me that I would voluntarily make one of my favorite recipes, Thai Larb lettuce cups, &nbsp;into a vegan recipe I would have balked and probably even gagged at the idea. But here I am, replacing ground beef with vegan tempeh in this fresh, delicious recipe and loving every bite. I don\'t even recognize myself anymore.<br><\\/p>\"}},\"30\":{\"type\":\"image\",\"enabled\":\"1\",\"fields\":{\"fullBleedImage\":[\"11\"],\"singleImage\":\"\",\"imageRow\":\"\"}},\"31\":{\"type\":\"image\",\"enabled\":\"1\",\"fields\":{\"fullBleedImage\":\"\",\"singleImage\":\"\",\"imageRow\":[\"7\",\"8\"]}},\"new1\":{\"type\":\"recipe\",\"enabled\":\"1\",\"fields\":{\"recipeImage\":[\"6\"],\"ingredients\":\"<ul><li>1 block of tempeh<\\/li><li>Fresh Herbs- Parsley, cilantro, mint, dill, basil<\\/li><li>1 head of lettuce broken up as cups<\\/li><li>1 persian cucumber, sliced<\\/li><li>1\\/2 onion<\\/li><li>1 Jalapeno<\\/li><li>5 garlic bulbs<\\/li><li>a big chunk of ginger<\\/li><li>1 lime<\\/li><li>1 lemon<\\/li><li>Soy Sauce<\\/li><li>Honey<\\/li><li>1 tbsp crushed peanuts<\\/li><\\/ul>\",\"recipeSummary\":\"<p>Start by steaming the tempeh in a sauce pan by adding a shallow layer of salt water. Let the tempeh &nbsp;steam for at least 10 minutes until it is soft and can be easily crumbled.&nbsp;<\\/p><p>Finely slice the onion, ginger, garlic and jalapeno and add them together to create a thick paste. Add coconut oil to a hot cast iron pan and add salt, pepper and sesame seeds. Let the sesame seeds toast until they are brown and fragrant. Add the veggie mixture and cook until they are golden brown, then throw in the crumbled tempeh. Mix all ingredients together, adding a dash of soy sauce, honey and the juice of a lime. Sprinkle fresh cut herbs into the mixture and some pink peppercorns for kick.&nbsp;<\\/p><p>While the tempeh is cooking, assemble the fresh herbs, lettuce cups, tomatoes and crushed peanuts. Serve together, allowing each person to assemble their own lettuce cups as desired.<\\/p>\"},\"collapsed\":\"1\"},\"new3\":{\"type\":\"image\",\"enabled\":\"1\",\"fields\":{\"fullBleedImage\":\"\",\"singleImage\":[\"10\"],\"imageRow\":\"\"},\"collapsed\":\"\"},\"new4\":{\"type\":\"image\",\"enabled\":\"1\",\"fields\":{\"fullBleedImage\":\"\",\"singleImage\":[\"9\"],\"imageRow\":\"\"}},\"new5\":{\"type\":\"image\",\"enabled\":\"1\",\"fields\":{\"fullBleedImage\":\"\",\"singleImage\":\"\",\"imageRow\":[\"12\",\"13\",\"15\"]}}},\"14\":[\"18\"],\"12\":\"Perfect for a quick and tasty lunch!\",\"2\":[\"32\",\"33\",\"34\"]}}', '2017-07-14 19:04:57', '2017-07-14 19:04:57', '3198a37b-216a-40fa-8a87-71ebf5a32e06'),
 ('14', '28', '3', '1', 'en_us', '3', '', '{\"typeId\":\"3\",\"authorId\":\"1\",\"title\":\"Vegan Thai Larb Lettuce Cups\",\"slug\":\"vegan-thai-larb-lettuce-cups\",\"postDate\":1500057780,\"expiryDate\":null,\"enabled\":1,\"parentId\":null,\"fields\":{\"13\":\"\",\"20\":[\"14\"],\"3\":{\"29\":{\"type\":\"paragraph\",\"enabled\":\"1\",\"fields\":{\"paragraph\":\"<p>I\'ll be the first to admit that I\'ve always been rather skeptical and intimidated by the idea of veganism. To me, it\'s always sounded like a buzz word that implies a rigid restriction and deprivation around food which, for someone who loves food as much as I do, is a huge turn off. In our society, there\'s so much baggage tied to food and eating, and morality is inextricably linked to healthy eating. If you\'re a vegan, you\'re a good, righteous person who stands up for helpless animals and treats your body as a temple. If you\'re a meat eater, you\'re an indulgent carnivore that\'s ruled by your primal cravings.<\\/p>\\r\\n<p>These stereotypes have always made me feel like I\'ve had to pick a side and stay within my lane. I don\'t eat vegan because I\'m not \\\"that type of person\\\". But lately, now that I\'ve embarked on my own journey towards getting healthy and becoming a health coach, my ideas have began to shift. I\'m realizing that my relationship to food as not as black and white as I\'ve always made it out to be and my food choices should be ruled by my body instead of my mind. If my body wants a steak then I want to give it the fattest, juciest steak I can get my hands on. If my body is craving vegetables, I want to feed it a ripe, colorful, diverse array of veggies. My body knows what it needs and the more I tap in and listen to that, the healthier and more fulfilled I will be.<\\/p>\\r\\n<p>That said, at one point if someone told me that I would voluntarily make one of my favorite recipes, Thai Larb lettuce cups, &nbsp;into a vegan recipe I would have balked and probably even gagged at the idea. But here I am, replacing ground beef with vegan tempeh in this fresh, delicious recipe and loving every bite. I don\'t even recognize myself anymore.<br><\\/p>\"}},\"30\":{\"type\":\"image\",\"enabled\":\"1\",\"fields\":{\"fullBleedImage\":[\"11\"],\"singleImage\":\"\",\"imageRow\":\"\"}},\"31\":{\"type\":\"image\",\"enabled\":\"1\",\"fields\":{\"fullBleedImage\":\"\",\"singleImage\":\"\",\"imageRow\":[\"7\",\"8\"]}},\"35\":{\"type\":\"recipe\",\"enabled\":\"1\",\"fields\":{\"recipeImage\":[\"6\"],\"ingredients\":\"<ul><li>1 block of tempeh<\\/li><li>Fresh Herbs- Parsley, cilantro, mint, dill, basil<\\/li><li>1 head of lettuce broken up as cups<\\/li><li>1 persian cucumber, sliced<\\/li><li>1\\/2 onion<\\/li><li>1 Jalapeno<\\/li><li>5 garlic bulbs<\\/li><li>a big chunk of ginger<\\/li><li>1 lime<\\/li><li>1 lemon<\\/li><li>Soy Sauce<\\/li><li>Honey<\\/li><li>1 tbsp crushed peanuts<\\/li><\\/ul>\",\"recipeSummary\":\"<p>Start by steaming the tempeh in a sauce pan by adding a shallow layer of salt water. Let the tempeh &nbsp;steam for at least 10 minutes until it is soft and can be easily crumbled.&nbsp;<\\/p>\\r\\n<p>Finely slice the onion, ginger, garlic and jalapeno and add them together to create a thick paste. Add coconut oil to a hot cast iron pan and add salt, pepper and sesame seeds. Let the sesame seeds toast until they are brown and fragrant. Add the veggie mixture and cook until they are golden brown, then throw in the crumbled tempeh. Mix all ingredients together, adding a dash of soy sauce, honey and the juice of a lime. Sprinkle fresh cut herbs into the mixture and some pink peppercorns for kick.&nbsp;<\\/p>\\r\\n<p>While the tempeh is cooking, assemble the fresh herbs, lettuce cups, tomatoes and crushed peanuts. Serve together, allowing each person to assemble their own lettuce cups as desired.<\\/p>\"}},\"36\":{\"type\":\"image\",\"enabled\":\"1\",\"fields\":{\"fullBleedImage\":\"\",\"singleImage\":[\"10\"],\"imageRow\":\"\"}},\"37\":{\"type\":\"image\",\"enabled\":\"1\",\"fields\":{\"fullBleedImage\":\"\",\"singleImage\":[\"9\"],\"imageRow\":\"\"}},\"38\":{\"type\":\"image\",\"enabled\":\"1\",\"fields\":{\"fullBleedImage\":\"\",\"singleImage\":\"\",\"imageRow\":[\"12\",\"13\",\"15\"]}}},\"14\":[\"18\"],\"12\":\"Perfect for a quick and tasty lunch!\",\"2\":[\"32\",\"33\",\"34\"]}}', '2017-07-14 20:20:13', '2017-07-14 20:20:13', 'ef593392-224a-488e-93d0-76edcd130305'),
 ('15', '4', '3', '1', 'en_us', '4', '', '{\"typeId\":\"3\",\"authorId\":\"1\",\"title\":\"Spaghetti\",\"slug\":\"sup\",\"postDate\":1499813220,\"expiryDate\":null,\"enabled\":1,\"parentId\":null,\"fields\":{\"13\":\"\",\"20\":[\"11\"],\"3\":{\"5\":{\"type\":\"paragraph\",\"enabled\":\"1\",\"fields\":{\"paragraph\":\"<p><img src=\\\"\\/images\\/food\\/Thai-Lettuce-Wrap-2-min.jpg#asset:7:url\\\" alt=\\\"Thai-Lettuce-Wrap-2-min.jpg#asset:7\\\"><\\/p>\\r\\n<p><img src=\\\"\\/images\\/food\\/Thai-Lettuce-Wrap-1-min.jpg#asset:6:url\\\" alt=\\\"Thai-Lettuce-Wrap-1-min.jpg#asset:6\\\">Delicious<br><\\/p>\\r\\n<blockquote>some copy&nasdf asdf asdf asdf asd asfasdfasdfa asd<a href=\\\"http:\\/\\/satyakitchen.dev\\/#entry:2:url\\\">s<\\/a>&nbsp;fbsp;<\\/blockquote>\\r\\n<p><br><\\/p>\\r\\n<p><a href=\\\"http:\\/\\/satyakitchen.dev\\/#entry:2:url\\\">This is it!<\\/a><\\/p>\"}}},\"14\":\"\",\"12\":\"\",\"2\":\"\"}}', '2017-07-16 20:15:52', '2017-07-16 20:15:52', '7b160130-5386-4025-bea1-50a21793b02b'),
 ('16', '4', '3', '1', 'en_us', '5', '', '{\"typeId\":\"3\",\"authorId\":\"1\",\"title\":\"Spaghetti\",\"slug\":\"spaghetti\",\"postDate\":1499813220,\"expiryDate\":null,\"enabled\":1,\"parentId\":null,\"fields\":{\"13\":\"\",\"20\":[\"11\"],\"3\":{\"5\":{\"type\":\"paragraph\",\"enabled\":\"1\",\"fields\":{\"paragraph\":\"<p><img src=\\\"\\/images\\/food\\/Thai-Lettuce-Wrap-2-min.jpg#asset:7:url\\\" alt=\\\"Thai-Lettuce-Wrap-2-min.jpg#asset:7\\\"><\\/p>\\r\\n<p><img src=\\\"\\/images\\/food\\/Thai-Lettuce-Wrap-1-min.jpg#asset:6:url\\\" alt=\\\"Thai-Lettuce-Wrap-1-min.jpg#asset:6\\\">Delicious<br><\\/p>\\r\\n<blockquote>some copy&nasdf asdf asdf asdf asd asfasdfasdfa asd<a href=\\\"http:\\/\\/satyakitchen.dev\\/#entry:2:url\\\">s<\\/a>&nbsp;fbsp;<\\/blockquote>\\r\\n<p><br><\\/p>\\r\\n<p><a href=\\\"http:\\/\\/satyakitchen.dev\\/#entry:2:url\\\">This is it!<\\/a><\\/p>\"}}},\"14\":\"\",\"12\":\"\",\"2\":\"\"}}', '2017-07-16 20:16:01', '2017-07-16 20:16:01', '1c8eb12c-6d74-4aa2-8c11-acb3ecb81871'),
 ('17', '41', '3', '1', 'en_us', '1', '', '{\"typeId\":null,\"authorId\":\"1\",\"title\":\"Shrimp Ceviche\",\"slug\":\"shrimp-ceviche\",\"postDate\":1500238402,\"expiryDate\":null,\"enabled\":1,\"parentId\":null,\"fields\":{\"13\":\"\",\"20\":[\"40\"],\"3\":\"\",\"14\":\"\",\"12\":\"\",\"2\":\"\"}}', '2017-07-16 20:53:22', '2017-07-16 20:53:22', '42d0196e-fe24-4db6-a232-340460512a71');



DROP TABLE IF EXISTS `sk_fieldgroups`;


--
-- Schema for table `sk_fieldgroups`
--
CREATE TABLE `sk_fieldgroups` (
  `id` int(11) NOT NULL AUTO_INCREMENT,
  `name` varchar(255) COLLATE utf8_unicode_ci NOT NULL,
  `dateCreated` datetime NOT NULL,
  `dateUpdated` datetime NOT NULL,
  `uid` char(36) COLLATE utf8_unicode_ci NOT NULL DEFAULT '0',
  PRIMARY KEY (`id`),
  UNIQUE KEY `sk_fieldgroups_name_unq_idx` (`name`)
) ENGINE=InnoDB AUTO_INCREMENT=7 DEFAULT CHARSET=utf8 COLLATE=utf8_unicode_ci;

--
-- Data for table `sk_fieldgroups`
--

INSERT INTO `sk_fieldgroups` (`id`, `name`, `dateCreated`, `dateUpdated`, `uid`) VALUES
 ('1', 'Default', '2017-07-11 20:37:20', '2017-07-11 20:37:20', 'cc0c9c6e-0dfd-4782-9104-2c20351b2ed0'),
 ('2', 'Home', '2017-07-12 00:53:06', '2017-07-12 00:53:06', '4917dee3-eb04-4bf8-9a7d-e0a4b2404efc'),
 ('3', 'Blog Post', '2017-07-12 00:53:16', '2017-07-12 00:53:16', 'a582a0a9-f25f-49ae-bd58-eb79aac9a01d'),
 ('4', 'Recipe', '2017-07-12 00:53:20', '2017-07-12 00:53:20', 'd07ca7df-0c69-4479-974e-fb6077586580'),
 ('6', 'Navigation', '2017-07-13 23:12:42', '2017-07-13 23:12:42', 'de9adb73-7ab1-4adb-883a-e67d91b0a7f4');



DROP TABLE IF EXISTS `sk_fieldlayoutfields`;


--
-- Schema for table `sk_fieldlayoutfields`
--
CREATE TABLE `sk_fieldlayoutfields` (
  `id` int(11) NOT NULL AUTO_INCREMENT,
  `layoutId` int(11) NOT NULL,
  `tabId` int(11) NOT NULL,
  `fieldId` int(11) NOT NULL,
  `required` tinyint(1) unsigned NOT NULL DEFAULT '0',
  `sortOrder` smallint(6) unsigned DEFAULT NULL,
  `dateCreated` datetime NOT NULL,
  `dateUpdated` datetime NOT NULL,
  `uid` char(36) COLLATE utf8_unicode_ci NOT NULL DEFAULT '0',
  PRIMARY KEY (`id`),
  UNIQUE KEY `sk_fieldlayoutfields_layoutId_fieldId_unq_idx` (`layoutId`,`fieldId`),
  KEY `sk_fieldlayoutfields_sortOrder_idx` (`sortOrder`),
  KEY `sk_fieldlayoutfields_tabId_fk` (`tabId`),
  KEY `sk_fieldlayoutfields_fieldId_fk` (`fieldId`)
) ENGINE=InnoDB AUTO_INCREMENT=64 DEFAULT CHARSET=utf8 COLLATE=utf8_unicode_ci;

--
-- Data for table `sk_fieldlayoutfields`
--

INSERT INTO `sk_fieldlayoutfields` (`id`, `layoutId`, `tabId`, `fieldId`, `required`, `sortOrder`, `dateCreated`, `dateUpdated`, `uid`) VALUES
 ('2', '5', '2', '1', '1', '1', '2017-07-11 20:37:21', '2017-07-11 20:37:21', '1326566e-2010-42ac-83c4-91c018e5d29e'),
 ('3', '5', '2', '2', '0', '2', '2017-07-11 20:37:21', '2017-07-11 20:37:21', '55075f7c-44ee-4563-9fad-994b3f9d0e21'),
 ('29', '25', '17', '16', '1', '1', '2017-07-13 23:17:29', '2017-07-13 23:17:29', 'cc548cf8-bd72-4ab4-b92f-3c72a528b10e'),
 ('30', '25', '17', '17', '0', '2', '2017-07-13 23:17:29', '2017-07-13 23:17:29', '4e8f3504-2cdd-479a-93b0-70732ee46f8d'),
 ('31', '25', '17', '18', '0', '3', '2017-07-13 23:17:29', '2017-07-13 23:17:29', '527525a1-e27c-492d-8950-951015738fad'),
 ('32', '25', '17', '19', '0', '4', '2017-07-13 23:17:29', '2017-07-13 23:17:29', '7ac8025f-2ba7-49e2-b85a-2a7da3e51925'),
 ('34', '27', '19', '15', '0', '1', '2017-07-13 23:18:29', '2017-07-13 23:18:29', '717a6850-8f2f-4354-a5db-cbd09e674236'),
 ('40', '30', '21', '20', '0', '1', '2017-07-14 18:19:50', '2017-07-14 18:19:50', 'b8c78782-0376-48f2-97f9-8345bdbc6c65'),
 ('41', '30', '21', '12', '0', '2', '2017-07-14 18:19:50', '2017-07-14 18:19:50', '588ac857-e919-47d8-9782-9fdb8b8d956e'),
 ('42', '30', '21', '13', '0', '3', '2017-07-14 18:19:50', '2017-07-14 18:19:50', '7a17c820-5404-4275-86e7-c84c0fac7ebb'),
 ('43', '30', '21', '3', '0', '4', '2017-07-14 18:19:50', '2017-07-14 18:19:50', '17006ef4-c2f2-422d-9ad3-9000f32f81b2'),
 ('44', '30', '21', '2', '0', '5', '2017-07-14 18:19:50', '2017-07-14 18:19:50', 'fd9f10f5-bfd7-4283-b7dc-38a5c32d9239'),
 ('45', '30', '21', '14', '0', '6', '2017-07-14 18:19:50', '2017-07-14 18:19:50', '63a2a8db-3668-457d-a332-f55adca08f5d'),
 ('55', '35', '26', '7', '0', '1', '2017-07-14 22:57:37', '2017-07-14 22:57:37', '1afe19f6-aafe-4dec-8b99-5e5d3cd61075'),
 ('56', '35', '26', '8', '0', '2', '2017-07-14 22:57:37', '2017-07-14 22:57:37', '43944cbb-07b2-4c5a-bf97-1e28e3b8f107'),
 ('57', '35', '26', '9', '0', '3', '2017-07-14 22:57:37', '2017-07-14 22:57:37', 'f9d8c9c0-60ee-47b6-ad12-0c510d8c90eb'),
 ('58', '36', '27', '6', '0', '1', '2017-07-14 22:57:37', '2017-07-14 22:57:37', '04952401-e66f-4e1a-84ac-dee69e1d837f'),
 ('59', '37', '28', '10', '1', '1', '2017-07-14 22:57:37', '2017-07-14 22:57:37', 'bf35433f-adfd-421b-a595-3c1b7042034a'),
 ('60', '37', '28', '11', '1', '2', '2017-07-14 22:57:37', '2017-07-14 22:57:37', 'c81c5544-e501-40ff-bc13-7f4e49b7eacc'),
 ('61', '38', '29', '21', '0', '1', '2017-07-14 22:57:37', '2017-07-14 22:57:37', 'ce033385-3ae6-4b7a-9f20-58eca91a43e0'),
 ('62', '38', '29', '22', '0', '2', '2017-07-14 22:57:37', '2017-07-14 22:57:37', '35b8aea8-1c14-4d0e-9064-5aa23b0f28fa'),
 ('63', '38', '29', '23', '0', '3', '2017-07-14 22:57:37', '2017-07-14 22:57:37', '8932c018-6473-493d-8d94-05cdc0d22c6e');



DROP TABLE IF EXISTS `sk_fieldlayouts`;


--
-- Schema for table `sk_fieldlayouts`
--
CREATE TABLE `sk_fieldlayouts` (
  `id` int(11) NOT NULL AUTO_INCREMENT,
  `type` varchar(150) COLLATE utf8_unicode_ci NOT NULL,
  `dateCreated` datetime NOT NULL,
  `dateUpdated` datetime NOT NULL,
  `uid` char(36) COLLATE utf8_unicode_ci NOT NULL DEFAULT '0',
  PRIMARY KEY (`id`),
  KEY `sk_fieldlayouts_type_idx` (`type`)
) ENGINE=InnoDB AUTO_INCREMENT=40 DEFAULT CHARSET=utf8 COLLATE=utf8_unicode_ci;

--
-- Data for table `sk_fieldlayouts`
--

INSERT INTO `sk_fieldlayouts` (`id`, `type`, `dateCreated`, `dateUpdated`, `uid`) VALUES
 ('1', 'Tag', '2017-07-11 20:37:20', '2017-07-11 20:37:20', 'b61e8cfa-bef9-45a7-b815-1deb0a8b2440'),
 ('5', 'Entry', '2017-07-11 20:37:21', '2017-07-11 20:37:21', '09364451-9490-4a49-9d1f-bfd8ec91a143'),
 ('16', 'Asset', '2017-07-11 23:06:21', '2017-07-11 23:06:21', 'db28c9af-9d34-4f3c-97a7-453eedbc09c6'),
 ('23', 'Category', '2017-07-12 01:24:40', '2017-07-12 01:24:40', 'cdc18a92-7fe6-4289-8c2f-ef4c5d6788ea'),
 ('25', 'MatrixBlock', '2017-07-13 23:17:29', '2017-07-13 23:17:29', '1c730134-1917-42ac-826f-8726e07a91d1'),
 ('27', 'Entry', '2017-07-13 23:18:29', '2017-07-13 23:18:29', 'bb25d1ae-db62-45cf-8670-7295eb337aa5'),
 ('30', 'Entry', '2017-07-14 18:19:50', '2017-07-14 18:19:50', '1bacdc21-d453-4877-a78e-873894a62eb9'),
 ('35', 'MatrixBlock', '2017-07-14 22:57:37', '2017-07-14 22:57:37', '856dae9e-2a51-42e1-867b-32de1117dfe1'),
 ('36', 'MatrixBlock', '2017-07-14 22:57:37', '2017-07-14 22:57:37', 'b8ba920b-4753-4a43-83b3-b6403a540565'),
 ('37', 'MatrixBlock', '2017-07-14 22:57:37', '2017-07-14 22:57:37', '94dcc6f0-8442-4555-9c05-36ea4119ad47'),
 ('38', 'MatrixBlock', '2017-07-14 22:57:37', '2017-07-14 22:57:37', '7350a8ac-108f-4a12-bbe0-e0b257864b0a'),
 ('39', 'Entry', '2017-07-14 23:21:41', '2017-07-14 23:21:41', '4c6e97c2-9ef6-4080-a0ce-6b167a72eb9d');



DROP TABLE IF EXISTS `sk_fieldlayouttabs`;


--
-- Schema for table `sk_fieldlayouttabs`
--
CREATE TABLE `sk_fieldlayouttabs` (
  `id` int(11) NOT NULL AUTO_INCREMENT,
  `layoutId` int(11) NOT NULL,
  `name` varchar(255) COLLATE utf8_unicode_ci NOT NULL,
  `sortOrder` smallint(6) unsigned DEFAULT NULL,
  `dateCreated` datetime NOT NULL,
  `dateUpdated` datetime NOT NULL,
  `uid` char(36) COLLATE utf8_unicode_ci NOT NULL DEFAULT '0',
  PRIMARY KEY (`id`),
  KEY `sk_fieldlayouttabs_sortOrder_idx` (`sortOrder`),
  KEY `sk_fieldlayouttabs_layoutId_fk` (`layoutId`)
) ENGINE=InnoDB AUTO_INCREMENT=30 DEFAULT CHARSET=utf8 COLLATE=utf8_unicode_ci;

--
-- Data for table `sk_fieldlayouttabs`
--

INSERT INTO `sk_fieldlayouttabs` (`id`, `layoutId`, `name`, `sortOrder`, `dateCreated`, `dateUpdated`, `uid`) VALUES
 ('2', '5', 'Content', '1', '2017-07-11 20:37:21', '2017-07-11 20:37:21', '69d3a78b-954b-4384-9ee9-52161a7577cf'),
 ('17', '25', 'Content', '1', '2017-07-13 23:17:29', '2017-07-13 23:17:29', '194d11ed-caf9-4683-93d2-304a147b5e97'),
 ('19', '27', 'Navigation', '1', '2017-07-13 23:18:29', '2017-07-13 23:18:29', '07e42372-88f8-4517-85ec-1424f3c2300a'),
 ('21', '30', 'Content', '1', '2017-07-14 18:19:50', '2017-07-14 18:19:50', 'ed841494-c773-4565-93a6-4bab11bd3960'),
 ('26', '35', 'Content', '1', '2017-07-14 22:57:37', '2017-07-14 22:57:37', 'f94bcb71-9810-48b0-84c4-42a22aea73fe'),
 ('27', '36', 'Content', '1', '2017-07-14 22:57:37', '2017-07-14 22:57:37', '0dd66838-0571-429b-b10d-2f33e7891844'),
 ('28', '37', 'Content', '1', '2017-07-14 22:57:37', '2017-07-14 22:57:37', '4e8cdf09-3253-4482-b84c-05a0da7e437e'),
 ('29', '38', 'Content', '1', '2017-07-14 22:57:37', '2017-07-14 22:57:37', '266f5483-b2cc-4dfe-b9cb-7db2ffc3dcf6');



DROP TABLE IF EXISTS `sk_fields`;


--
-- Schema for table `sk_fields`
--
CREATE TABLE `sk_fields` (
  `id` int(11) NOT NULL AUTO_INCREMENT,
  `groupId` int(11) DEFAULT NULL,
  `name` varchar(255) COLLATE utf8_unicode_ci NOT NULL,
  `handle` varchar(58) COLLATE utf8_unicode_ci NOT NULL,
  `context` varchar(255) COLLATE utf8_unicode_ci NOT NULL DEFAULT 'global',
  `instructions` text COLLATE utf8_unicode_ci,
  `translatable` tinyint(1) unsigned NOT NULL DEFAULT '0',
  `type` varchar(150) COLLATE utf8_unicode_ci NOT NULL,
  `settings` text COLLATE utf8_unicode_ci,
  `dateCreated` datetime NOT NULL,
  `dateUpdated` datetime NOT NULL,
  `uid` char(36) COLLATE utf8_unicode_ci NOT NULL DEFAULT '0',
  PRIMARY KEY (`id`),
  UNIQUE KEY `sk_fields_handle_context_unq_idx` (`handle`,`context`),
  KEY `sk_fields_context_idx` (`context`),
  KEY `sk_fields_groupId_fk` (`groupId`)
) ENGINE=InnoDB AUTO_INCREMENT=24 DEFAULT CHARSET=utf8 COLLATE=utf8_unicode_ci;

--
-- Data for table `sk_fields`
--

INSERT INTO `sk_fields` (`id`, `groupId`, `name`, `handle`, `context`, `instructions`, `translatable`, `type`, `settings`, `dateCreated`, `dateUpdated`, `uid`) VALUES
 ('1', '1', 'Body', 'body', 'global', '', '0', 'RichText', '{\"configFile\":\"\",\"availableAssetSources\":\"*\",\"availableTransforms\":\"*\",\"cleanupHtml\":\"1\",\"purifyHtml\":\"1\",\"purifierConfig\":\"\",\"columnType\":\"text\"}', '2017-07-11 20:37:20', '2017-07-11 23:00:37', '52baaa01-54fe-4561-85c8-2cde506746d5'),
 ('2', '1', 'Tags', 'tags', 'global', NULL, '0', 'Tags', '{\"source\":\"taggroup:1\"}', '2017-07-11 20:37:20', '2017-07-11 20:37:20', 'ddbb7c0f-9855-4d23-92e7-484c4de20de3'),
 ('3', '3', 'Post', 'post', 'global', '', '0', 'Matrix', '{\"maxBlocks\":null}', '2017-07-11 22:44:47', '2017-07-14 22:57:37', '4f393ea4-7f44-47f4-9f5d-c781440510be'),
 ('6', NULL, 'Paragraph', 'paragraph', 'matrixBlockType:2', '', '0', 'RichText', '{\"configFile\":\"Standard.json\",\"availableAssetSources\":\"*\",\"availableTransforms\":\"*\",\"cleanupHtml\":\"1\",\"purifyHtml\":\"1\",\"purifierConfig\":\"\",\"columnType\":\"mediumtext\"}', '2017-07-11 22:44:47', '2017-07-14 22:57:37', 'a3f03d52-9e2c-4e0a-89b2-5af69bf3ed2b'),
 ('7', NULL, 'Full Bleed Image', 'fullBleedImage', 'matrixBlockType:1', '', '0', 'Assets', '{\"useSingleFolder\":\"\",\"sources\":\"*\",\"defaultUploadLocationSource\":\"1\",\"defaultUploadLocationSubpath\":\"\",\"singleUploadLocationSource\":\"1\",\"singleUploadLocationSubpath\":\"\",\"restrictFiles\":\"\",\"limit\":\"\",\"viewMode\":\"large\",\"selectionLabel\":\"\"}', '2017-07-12 00:40:48', '2017-07-14 22:57:37', '6bc18af5-cfa2-4bb1-a7a5-3484eb35940a'),
 ('8', NULL, 'Single Image', 'singleImage', 'matrixBlockType:1', '', '0', 'Assets', '{\"useSingleFolder\":\"\",\"sources\":\"*\",\"defaultUploadLocationSource\":\"1\",\"defaultUploadLocationSubpath\":\"\",\"singleUploadLocationSource\":\"1\",\"singleUploadLocationSubpath\":\"\",\"restrictFiles\":\"\",\"limit\":\"1\",\"viewMode\":\"large\",\"selectionLabel\":\"\"}', '2017-07-12 00:40:48', '2017-07-14 22:57:37', '1324aa95-0ee9-403a-9296-9749adcbae4f'),
 ('9', NULL, 'Image Row', 'imageRow', 'matrixBlockType:1', '2 to 3 images', '0', 'Assets', '{\"useSingleFolder\":\"\",\"sources\":\"*\",\"defaultUploadLocationSource\":\"1\",\"defaultUploadLocationSubpath\":\"\",\"singleUploadLocationSource\":\"1\",\"singleUploadLocationSubpath\":\"\",\"restrictFiles\":\"\",\"limit\":\"3\",\"viewMode\":\"large\",\"selectionLabel\":\"\"}', '2017-07-12 00:40:48', '2017-07-14 22:57:37', 'ce5b6008-0ec6-4874-9a8f-4d0405f5e50c'),
 ('10', NULL, 'Copy', 'copy', 'matrixBlockType:3', '', '0', 'RichText', '{\"configFile\":\"\",\"availableAssetSources\":\"*\",\"availableTransforms\":\"*\",\"cleanupHtml\":\"1\",\"purifyHtml\":\"1\",\"purifierConfig\":\"\",\"columnType\":\"text\"}', '2017-07-12 00:40:48', '2017-07-14 22:57:37', '8632254a-9b1a-48bd-99ee-d2319dbbbdf3'),
 ('11', NULL, 'Image', 'image', 'matrixBlockType:3', 'Image on right side of copy', '0', 'Assets', '{\"useSingleFolder\":\"\",\"sources\":\"*\",\"defaultUploadLocationSource\":\"1\",\"defaultUploadLocationSubpath\":\"\",\"singleUploadLocationSource\":\"1\",\"singleUploadLocationSubpath\":\"\",\"restrictFiles\":\"\",\"limit\":\"1\",\"viewMode\":\"large\",\"selectionLabel\":\"\"}', '2017-07-12 00:40:48', '2017-07-14 22:57:37', '99babfd8-81e2-4143-9765-0691294d20f9'),
 ('12', '1', 'Subtitle', 'subtitle', 'global', 'Subtitle to main page title', '0', 'PlainText', '{\"placeholder\":\"\",\"maxLength\":\"\",\"multiline\":\"\",\"initialRows\":\"4\"}', '2017-07-12 00:41:42', '2017-07-12 00:41:42', '843445d8-a392-44fb-ae50-fc54525f1e49'),
 ('13', '1', 'Content Title', 'contentTitle', 'global', 'One liner to start the content off', '0', 'PlainText', '{\"placeholder\":\"\",\"maxLength\":\"\",\"multiline\":\"\",\"initialRows\":\"4\"}', '2017-07-12 00:43:24', '2017-07-12 00:43:24', '9f979c9c-910f-45c5-b331-6d2d971a2343'),
 ('14', '3', 'Recipe Category', 'recipeCategory', 'global', '', '0', 'Categories', '{\"source\":\"group:1\",\"limit\":\"\",\"selectionLabel\":\"Add recipe category\"}', '2017-07-12 01:27:54', '2017-07-12 01:27:54', '1e8a0363-0a0e-4db5-9f05-3356a645c5bc'),
 ('15', '6', 'Link List', 'linkList', 'global', '', '0', 'Matrix', '{\"maxBlocks\":null}', '2017-07-13 23:17:29', '2017-07-13 23:17:29', '9ca42aa8-edec-4f38-9fb8-4ed06c7b40a4'),
 ('16', NULL, 'Link Text', 'linkText', 'matrixBlockType:4', 'The text displayed', '0', 'PlainText', '{\"placeholder\":\"\",\"maxLength\":\"\",\"multiline\":\"\",\"initialRows\":\"4\"}', '2017-07-13 23:17:29', '2017-07-13 23:17:29', '7a7608b2-1cc8-4e60-bb83-6cac638a0f68'),
 ('17', NULL, 'Link URL', 'linkUrl', 'matrixBlockType:4', 'Use only if not directly choosing an entry.', '0', 'PlainText', '{\"placeholder\":\"\",\"maxLength\":\"\",\"multiline\":\"\",\"initialRows\":\"4\"}', '2017-07-13 23:17:29', '2017-07-13 23:17:29', '8e4f7f14-8df2-43ad-bd20-f7a1edb0a7af'),
 ('18', NULL, 'Link Entry', 'linkEntry', 'matrixBlockType:4', '', '0', 'Entries', '{\"sources\":\"*\",\"limit\":\"1\",\"selectionLabel\":\"\"}', '2017-07-13 23:17:29', '2017-07-13 23:17:29', 'ec86912d-7449-4810-8ed8-a9cf375240c1'),
 ('19', NULL, 'Link Category', 'linkCategory', 'matrixBlockType:4', '', '0', 'Categories', '{\"source\":\"group:1\",\"limit\":\"1\",\"selectionLabel\":\"\"}', '2017-07-13 23:17:29', '2017-07-13 23:17:29', 'b3d1f083-4228-4186-bd50-80c32c3adf13'),
 ('20', '1', 'Hero Image', 'heroImage', 'global', '', '0', 'Assets', '{\"useSingleFolder\":\"\",\"sources\":\"*\",\"defaultUploadLocationSource\":\"1\",\"defaultUploadLocationSubpath\":\"\",\"singleUploadLocationSource\":\"1\",\"singleUploadLocationSubpath\":\"\",\"restrictFiles\":\"\",\"limit\":\"1\",\"viewMode\":\"large\",\"selectionLabel\":\"\"}', '2017-07-14 18:19:13', '2017-07-14 18:19:13', '50e17573-a1d5-4b4b-a555-806f89948020'),
 ('21', NULL, 'Recipe Image', 'recipeImage', 'matrixBlockType:5', 'Optional Image shows above recipe', '0', 'Assets', '{\"useSingleFolder\":\"\",\"sources\":\"*\",\"defaultUploadLocationSource\":\"1\",\"defaultUploadLocationSubpath\":\"\",\"singleUploadLocationSource\":\"1\",\"singleUploadLocationSubpath\":\"\",\"restrictFiles\":\"\",\"limit\":\"1\",\"viewMode\":\"large\",\"selectionLabel\":\"\"}', '2017-07-14 18:51:21', '2017-07-14 22:57:37', '9c6d7e0f-c03c-4b75-8cd7-ee5799027cb6'),
 ('22', NULL, 'Ingredients', 'ingredients', 'matrixBlockType:5', 'Ingredients List', '0', 'RichText', '{\"configFile\":\"\",\"availableAssetSources\":\"*\",\"availableTransforms\":\"*\",\"cleanupHtml\":\"1\",\"purifyHtml\":\"1\",\"purifierConfig\":\"\",\"columnType\":\"text\"}', '2017-07-14 18:51:21', '2017-07-14 22:57:37', '9cffc32e-706d-4da2-a084-7768ccd77754'),
 ('23', NULL, 'Recipe Summary', 'recipeSummary', 'matrixBlockType:5', '', '0', 'RichText', '{\"configFile\":\"\",\"availableAssetSources\":\"*\",\"availableTransforms\":\"*\",\"cleanupHtml\":\"1\",\"purifyHtml\":\"1\",\"purifierConfig\":\"\",\"columnType\":\"text\"}', '2017-07-14 18:51:21', '2017-07-14 22:57:37', 'bb96abaa-6502-4a2e-845f-73d392ca7a89');



DROP TABLE IF EXISTS `sk_globalsets`;


--
-- Schema for table `sk_globalsets`
--
CREATE TABLE `sk_globalsets` (
  `id` int(11) NOT NULL,
  `name` varchar(255) COLLATE utf8_unicode_ci NOT NULL,
  `handle` varchar(255) COLLATE utf8_unicode_ci NOT NULL,
  `fieldLayoutId` int(10) DEFAULT NULL,
  `dateCreated` datetime NOT NULL,
  `dateUpdated` datetime NOT NULL,
  `uid` char(36) COLLATE utf8_unicode_ci NOT NULL DEFAULT '0',
  PRIMARY KEY (`id`),
  UNIQUE KEY `sk_globalsets_name_unq_idx` (`name`),
  UNIQUE KEY `sk_globalsets_handle_unq_idx` (`handle`),
  KEY `sk_globalsets_fieldLayoutId_fk` (`fieldLayoutId`)
) ENGINE=InnoDB DEFAULT CHARSET=utf8 COLLATE=utf8_unicode_ci;

DROP TABLE IF EXISTS `sk_info`;


--
-- Schema for table `sk_info`
--
CREATE TABLE `sk_info` (
  `id` int(11) NOT NULL AUTO_INCREMENT,
  `version` varchar(50) COLLATE utf8_unicode_ci NOT NULL,
  `schemaVersion` varchar(15) COLLATE utf8_unicode_ci NOT NULL,
  `edition` tinyint(1) unsigned NOT NULL DEFAULT '0',
  `siteName` varchar(100) COLLATE utf8_unicode_ci NOT NULL,
  `siteUrl` varchar(255) COLLATE utf8_unicode_ci NOT NULL,
  `timezone` varchar(30) COLLATE utf8_unicode_ci DEFAULT NULL,
  `on` tinyint(1) unsigned NOT NULL DEFAULT '0',
  `maintenance` tinyint(1) unsigned NOT NULL DEFAULT '0',
  `dateCreated` datetime NOT NULL,
  `dateUpdated` datetime NOT NULL,
  `uid` char(36) COLLATE utf8_unicode_ci NOT NULL DEFAULT '0',
  PRIMARY KEY (`id`)
) ENGINE=InnoDB AUTO_INCREMENT=2 DEFAULT CHARSET=utf8 COLLATE=utf8_unicode_ci;

--
-- Data for table `sk_info`
--

INSERT INTO `sk_info` (`id`, `version`, `schemaVersion`, `edition`, `siteName`, `siteUrl`, `timezone`, `on`, `maintenance`, `dateCreated`, `dateUpdated`, `uid`) VALUES
 ('1', '2.6.2984', '2.6.10', '0', 'Satya Kitchen', 'http://satyakitchen.dev', 'UTC', '1', '1', '2017-07-11 20:37:19', '2017-07-25 21:18:44', '361a5354-c254-4f01-9e2b-2e329b1cc9ea');



DROP TABLE IF EXISTS `sk_locales`;


--
-- Schema for table `sk_locales`
--
CREATE TABLE `sk_locales` (
  `locale` char(12) COLLATE utf8_unicode_ci NOT NULL,
  `sortOrder` smallint(6) unsigned DEFAULT NULL,
  `dateCreated` datetime NOT NULL,
  `dateUpdated` datetime NOT NULL,
  `uid` char(36) COLLATE utf8_unicode_ci NOT NULL DEFAULT '0',
  PRIMARY KEY (`locale`),
  KEY `sk_locales_sortOrder_idx` (`sortOrder`)
) ENGINE=InnoDB DEFAULT CHARSET=utf8 COLLATE=utf8_unicode_ci;

--
-- Data for table `sk_locales`
--

INSERT INTO `sk_locales` (`locale`, `sortOrder`, `dateCreated`, `dateUpdated`, `uid`) VALUES
 ('en_us', '1', '2017-07-11 20:37:19', '2017-07-11 20:37:19', '77743f85-1ec5-4288-ad5e-9b46a8b12ce1');



DROP TABLE IF EXISTS `sk_matrixblocks`;


--
-- Schema for table `sk_matrixblocks`
--
CREATE TABLE `sk_matrixblocks` (
  `id` int(11) NOT NULL,
  `ownerId` int(11) NOT NULL,
  `fieldId` int(11) NOT NULL,
  `typeId` int(11) DEFAULT NULL,
  `sortOrder` smallint(6) unsigned DEFAULT NULL,
  `ownerLocale` char(12) COLLATE utf8_unicode_ci DEFAULT NULL,
  `dateCreated` datetime NOT NULL,
  `dateUpdated` datetime NOT NULL,
  `uid` char(36) COLLATE utf8_unicode_ci NOT NULL DEFAULT '0',
  PRIMARY KEY (`id`),
  KEY `sk_matrixblocks_ownerId_idx` (`ownerId`),
  KEY `sk_matrixblocks_fieldId_idx` (`fieldId`),
  KEY `sk_matrixblocks_typeId_idx` (`typeId`),
  KEY `sk_matrixblocks_sortOrder_idx` (`sortOrder`),
  KEY `sk_matrixblocks_ownerLocale_fk` (`ownerLocale`)
) ENGINE=InnoDB DEFAULT CHARSET=utf8 COLLATE=utf8_unicode_ci;

--
-- Data for table `sk_matrixblocks`
--

INSERT INTO `sk_matrixblocks` (`id`, `ownerId`, `fieldId`, `typeId`, `sortOrder`, `ownerLocale`, `dateCreated`, `dateUpdated`, `uid`) VALUES
 ('5', '4', '3', '2', '1', NULL, '2017-07-11 22:47:52', '2017-07-16 20:16:01', '4ba52af4-9d47-4b8a-8173-3430814b54bb'),
 ('21', '20', '15', '4', '1', NULL, '2017-07-13 23:20:03', '2017-07-14 00:27:20', 'c2004117-cfdb-4b62-bc2e-5abf16d9001d'),
 ('22', '20', '15', '4', '2', NULL, '2017-07-13 23:20:03', '2017-07-14 00:27:20', '6415a72d-7a34-4249-8510-b259f956da2c'),
 ('23', '20', '15', '4', '3', NULL, '2017-07-13 23:20:03', '2017-07-14 00:27:20', '2fb9e659-54be-469a-9960-cbf11e97ef6b'),
 ('26', '25', '15', '4', '1', NULL, '2017-07-14 00:27:07', '2017-07-14 00:27:07', 'd29bbd27-66c1-43d7-8408-851cf0ec1c59'),
 ('27', '25', '15', '4', '2', NULL, '2017-07-14 00:27:07', '2017-07-14 00:27:07', '58cbf7cf-cf9c-4767-8192-129fa591ba5d'),
 ('29', '28', '3', '2', '1', NULL, '2017-07-14 18:43:45', '2017-07-14 20:20:13', 'c1455b01-11e7-4de5-92b0-04752ab09f7a'),
 ('30', '28', '3', '1', '2', NULL, '2017-07-14 18:43:45', '2017-07-14 20:20:13', 'ad4fed54-7a43-4924-bf98-0edd3207087d'),
 ('31', '28', '3', '1', '3', NULL, '2017-07-14 18:43:45', '2017-07-14 20:20:13', 'd12a1880-2e8c-4b9e-a671-4bba3db6b20a'),
 ('35', '28', '3', '5', '4', NULL, '2017-07-14 19:04:57', '2017-07-14 20:20:13', 'b4a8df53-42d8-4ea4-b10c-af386f82c60e'),
 ('36', '28', '3', '1', '5', NULL, '2017-07-14 19:04:57', '2017-07-14 20:20:13', 'd8f774fa-9cfb-40fb-af50-4b90f1605f2e'),
 ('37', '28', '3', '1', '6', NULL, '2017-07-14 19:04:57', '2017-07-14 20:20:13', 'b69259d3-0cdd-406a-839b-7d56bb29820f'),
 ('38', '28', '3', '1', '7', NULL, '2017-07-14 19:04:57', '2017-07-14 20:20:13', '0bfc4e47-ab62-4e9f-be03-b30a681de64e');



DROP TABLE IF EXISTS `sk_matrixblocktypes`;


--
-- Schema for table `sk_matrixblocktypes`
--
CREATE TABLE `sk_matrixblocktypes` (
  `id` int(11) NOT NULL AUTO_INCREMENT,
  `fieldId` int(11) NOT NULL,
  `fieldLayoutId` int(11) DEFAULT NULL,
  `name` varchar(255) COLLATE utf8_unicode_ci NOT NULL,
  `handle` varchar(255) COLLATE utf8_unicode_ci NOT NULL,
  `sortOrder` smallint(6) unsigned DEFAULT NULL,
  `dateCreated` datetime NOT NULL,
  `dateUpdated` datetime NOT NULL,
  `uid` char(36) COLLATE utf8_unicode_ci NOT NULL DEFAULT '0',
  PRIMARY KEY (`id`),
  UNIQUE KEY `sk_matrixblocktypes_name_fieldId_unq_idx` (`name`,`fieldId`),
  UNIQUE KEY `sk_matrixblocktypes_handle_fieldId_unq_idx` (`handle`,`fieldId`),
  KEY `sk_matrixblocktypes_fieldId_fk` (`fieldId`),
  KEY `sk_matrixblocktypes_fieldLayoutId_fk` (`fieldLayoutId`)
) ENGINE=InnoDB AUTO_INCREMENT=6 DEFAULT CHARSET=utf8 COLLATE=utf8_unicode_ci;

--
-- Data for table `sk_matrixblocktypes`
--

INSERT INTO `sk_matrixblocktypes` (`id`, `fieldId`, `fieldLayoutId`, `name`, `handle`, `sortOrder`, `dateCreated`, `dateUpdated`, `uid`) VALUES
 ('1', '3', '35', 'Images', 'image', '1', '2017-07-11 22:44:47', '2017-07-14 22:57:37', '10d1c322-9e03-4356-8d63-86ec2969f7fc'),
 ('2', '3', '36', 'Paragraph', 'paragraph', '2', '2017-07-11 22:44:47', '2017-07-14 22:57:37', '90255726-a0c3-4d64-a0f0-02c811e72494'),
 ('3', '3', '37', 'Paragraph and Image', 'paragraph_image', '3', '2017-07-12 00:40:48', '2017-07-14 22:57:37', '06dc1174-713f-43d6-a1bb-e75bf9b5430e'),
 ('4', '15', '25', 'Links', 'links', '1', '2017-07-13 23:17:29', '2017-07-13 23:17:29', '283eb427-8afd-4dcb-83c8-12a0378dd97d'),
 ('5', '3', '38', 'Recipe', 'recipe', '4', '2017-07-14 18:51:21', '2017-07-14 22:57:37', '54c9c18c-7b63-4f5b-a803-8bb3f7032525');



DROP TABLE IF EXISTS `sk_matrixcontent_linklist`;


--
-- Schema for table `sk_matrixcontent_linklist`
--
CREATE TABLE `sk_matrixcontent_linklist` (
  `id` int(11) NOT NULL AUTO_INCREMENT,
  `elementId` int(11) NOT NULL,
  `locale` char(12) COLLATE utf8_unicode_ci NOT NULL,
  `field_links_linkText` text COLLATE utf8_unicode_ci,
  `field_links_linkUrl` text COLLATE utf8_unicode_ci,
  `dateCreated` datetime NOT NULL,
  `dateUpdated` datetime NOT NULL,
  `uid` char(36) COLLATE utf8_unicode_ci NOT NULL DEFAULT '0',
  PRIMARY KEY (`id`),
  UNIQUE KEY `sk_matrixcontent_linklist_elementId_locale_unq_idx` (`elementId`,`locale`),
  KEY `sk_matrixcontent_linklist_locale_fk` (`locale`)
) ENGINE=InnoDB AUTO_INCREMENT=6 DEFAULT CHARSET=utf8 COLLATE=utf8_unicode_ci;

--
-- Data for table `sk_matrixcontent_linklist`
--

INSERT INTO `sk_matrixcontent_linklist` (`id`, `elementId`, `locale`, `field_links_linkText`, `field_links_linkUrl`, `dateCreated`, `dateUpdated`, `uid`) VALUES
 ('1', '21', 'en_us', 'Home', '', '2017-07-13 23:20:03', '2017-07-14 00:27:20', '011a85af-6411-42d6-94cd-1b58accd0695'),
 ('2', '22', 'en_us', 'Google', 'http://www.google.com', '2017-07-13 23:20:03', '2017-07-14 00:27:20', '67c10c2b-b28f-42db-bed5-2241300cb170'),
 ('3', '23', 'en_us', 'Main Course', '', '2017-07-13 23:20:03', '2017-07-14 00:27:20', '0e0703ec-d9a2-4555-b35e-8b03c4e06ab5'),
 ('4', '26', 'en_us', 'Social', 'http://www.instagram.com', '2017-07-14 00:27:07', '2017-07-14 00:27:07', '2c31274a-77eb-42d8-84d7-0c7ee4f9c254'),
 ('5', '27', 'en_us', 'About', '', '2017-07-14 00:27:07', '2017-07-14 00:27:07', '1ebf6b2f-2893-4a2b-81fc-85695bef31a8');



DROP TABLE IF EXISTS `sk_matrixcontent_post`;


--
-- Schema for table `sk_matrixcontent_post`
--
CREATE TABLE `sk_matrixcontent_post` (
  `id` int(11) NOT NULL AUTO_INCREMENT,
  `elementId` int(11) NOT NULL,
  `locale` char(12) COLLATE utf8_unicode_ci NOT NULL,
  `field_paragraph_paragraph` mediumtext COLLATE utf8_unicode_ci,
  `field_paragraph_image_copy` text COLLATE utf8_unicode_ci,
  `field_recipe_ingredients` text COLLATE utf8_unicode_ci,
  `field_recipe_recipeSummary` text COLLATE utf8_unicode_ci,
  `dateCreated` datetime NOT NULL,
  `dateUpdated` datetime NOT NULL,
  `uid` char(36) COLLATE utf8_unicode_ci NOT NULL DEFAULT '0',
  PRIMARY KEY (`id`),
  UNIQUE KEY `sk_matrixcontent_post_elementId_locale_unq_idx` (`elementId`,`locale`),
  KEY `sk_matrixcontent_post_locale_fk` (`locale`)
) ENGINE=InnoDB AUTO_INCREMENT=9 DEFAULT CHARSET=utf8 COLLATE=utf8_unicode_ci;

--
-- Data for table `sk_matrixcontent_post`
--

INSERT INTO `sk_matrixcontent_post` (`id`, `elementId`, `locale`, `field_paragraph_paragraph`, `field_paragraph_image_copy`, `field_recipe_ingredients`, `field_recipe_recipeSummary`, `dateCreated`, `dateUpdated`, `uid`) VALUES
 ('1', '5', 'en_us', '<p><img src=\"{asset:7:url}\" alt=\"Thai-Lettuce-Wrap-2-min.jpg#asset:7\" /></p>\n<p><img src=\"{asset:6:url}\" alt=\"Thai-Lettuce-Wrap-1-min.jpg#asset:6\" />Delicious<br /></p>\n<blockquote>some copy&amp;nasdf asdf asdf asdf asd asfasdfasdfa asd<a href=\"{entry:2:url}\">s</a> fbsp;</blockquote>\n<p><br /></p>\n<p><a href=\"{entry:2:url}\">This is it!</a></p>', NULL, NULL, NULL, '2017-07-11 22:47:52', '2017-07-16 20:16:01', 'd89bc9ce-8d3b-442c-8947-7c4749d3d5bb'),
 ('2', '29', 'en_us', '<p>I\'ll be the first to admit that I\'ve always been rather skeptical and intimidated by the idea of veganism. To me, it\'s always sounded like a buzz word that implies a rigid restriction and deprivation around food which, for someone who loves food as much as I do, is a huge turn off. In our society, there\'s so much baggage tied to food and eating, and morality is inextricably linked to healthy eating. If you\'re a vegan, you\'re a good, righteous person who stands up for helpless animals and treats your body as a temple. If you\'re a meat eater, you\'re an indulgent carnivore that\'s ruled by your primal cravings.</p>\n<p>These stereotypes have always made me feel like I\'ve had to pick a side and stay within my lane. I don\'t eat vegan because I\'m not \"that type of person\". But lately, now that I\'ve embarked on my own journey towards getting healthy and becoming a health coach, my ideas have began to shift. I\'m realizing that my relationship to food as not as black and white as I\'ve always made it out to be and my food choices should be ruled by my body instead of my mind. If my body wants a steak then I want to give it the fattest, juciest steak I can get my hands on. If my body is craving vegetables, I want to feed it a ripe, colorful, diverse array of veggies. My body knows what it needs and the more I tap in and listen to that, the healthier and more fulfilled I will be.</p>\n<p>That said, at one point if someone told me that I would voluntarily make one of my favorite recipes, Thai Larb lettuce cups,  into a vegan recipe I would have balked and probably even gagged at the idea. But here I am, replacing ground beef with vegan tempeh in this fresh, delicious recipe and loving every bite. I don\'t even recognize myself anymore.<br /></p>', NULL, NULL, NULL, '2017-07-14 18:43:45', '2017-07-14 20:20:13', '9234ce0f-2dab-4301-85de-529c8b62cb25'),
 ('3', '30', 'en_us', NULL, NULL, NULL, NULL, '2017-07-14 18:43:45', '2017-07-14 20:20:13', 'd69bce81-2bcc-45b6-a823-49ba1664e3ee'),
 ('4', '31', 'en_us', NULL, NULL, NULL, NULL, '2017-07-14 18:43:45', '2017-07-14 20:20:13', '1832bd34-c94d-4141-8a40-a06f5f143465'),
 ('5', '35', 'en_us', NULL, NULL, '<ul><li>1 block of tempeh</li><li>Fresh Herbs- Parsley, cilantro, mint, dill, basil</li><li>1 head of lettuce broken up as cups</li><li>1 persian cucumber, sliced</li><li>1/2 onion</li><li>1 Jalapeno</li><li>5 garlic bulbs</li><li>a big chunk of ginger</li><li>1 lime</li><li>1 lemon</li><li>Soy Sauce</li><li>Honey</li><li>1 tbsp crushed peanuts</li></ul>', '<p>Start by steaming the tempeh in a sauce pan by adding a shallow layer of salt water. Let the tempeh  steam for at least 10 minutes until it is soft and can be easily crumbled. </p>\n<p>Finely slice the onion, ginger, garlic and jalapeno and add them together to create a thick paste. Add coconut oil to a hot cast iron pan and add salt, pepper and sesame seeds. Let the sesame seeds toast until they are brown and fragrant. Add the veggie mixture and cook until they are golden brown, then throw in the crumbled tempeh. Mix all ingredients together, adding a dash of soy sauce, honey and the juice of a lime. Sprinkle fresh cut herbs into the mixture and some pink peppercorns for kick. </p>\n<p>While the tempeh is cooking, assemble the fresh herbs, lettuce cups, tomatoes and crushed peanuts. Serve together, allowing each person to assemble their own lettuce cups as desired.</p>', '2017-07-14 19:04:57', '2017-07-14 20:20:13', 'a627d85a-5fb9-486f-9407-340007129dfc'),
 ('6', '36', 'en_us', NULL, NULL, NULL, NULL, '2017-07-14 19:04:57', '2017-07-14 20:20:13', 'd9f37238-a51b-4cfd-8e32-ed99f470432b'),
 ('7', '37', 'en_us', NULL, NULL, NULL, NULL, '2017-07-14 19:04:57', '2017-07-14 20:20:13', 'a676b40e-7778-4d38-9b40-b58df1cc0886'),
 ('8', '38', 'en_us', NULL, NULL, NULL, NULL, '2017-07-14 19:04:57', '2017-07-14 20:20:13', 'fae3bb1b-daf8-4276-819f-b55986eab5f2');



DROP TABLE IF EXISTS `sk_migrations`;


--
-- Schema for table `sk_migrations`
--
CREATE TABLE `sk_migrations` (
  `id` int(11) NOT NULL AUTO_INCREMENT,
  `pluginId` int(11) DEFAULT NULL,
  `version` varchar(255) COLLATE utf8_unicode_ci NOT NULL,
  `applyTime` datetime NOT NULL,
  `dateCreated` datetime NOT NULL,
  `dateUpdated` datetime NOT NULL,
  `uid` char(36) COLLATE utf8_unicode_ci NOT NULL DEFAULT '0',
  PRIMARY KEY (`id`),
  UNIQUE KEY `sk_migrations_version_unq_idx` (`version`),
  KEY `sk_migrations_pluginId_fk` (`pluginId`)
) ENGINE=InnoDB AUTO_INCREMENT=40 DEFAULT CHARSET=utf8 COLLATE=utf8_unicode_ci;

--
-- Data for table `sk_migrations`
--

INSERT INTO `sk_migrations` (`id`, `pluginId`, `version`, `applyTime`, `dateCreated`, `dateUpdated`, `uid`) VALUES
 ('1', NULL, 'm000000_000000_base', '2017-07-11 20:37:19', '2017-07-11 20:37:19', '2017-07-11 20:37:19', '1df4c23a-310d-45e9-aa87-56e2b8af8c4f'),
 ('2', NULL, 'm140730_000001_add_filename_and_format_to_transformindex', '2017-07-11 20:37:19', '2017-07-11 20:37:19', '2017-07-11 20:37:19', '4fdba72f-5b4b-4e6f-94e4-479a2a3e3a68'),
 ('3', NULL, 'm140815_000001_add_format_to_transforms', '2017-07-11 20:37:19', '2017-07-11 20:37:19', '2017-07-11 20:37:19', 'beb4557d-1eba-4e31-9176-c8ac5fa68080'),
 ('4', NULL, 'm140822_000001_allow_more_than_128_items_per_field', '2017-07-11 20:37:19', '2017-07-11 20:37:19', '2017-07-11 20:37:19', '7832f70d-368b-452e-a934-df5d4a892d1f'),
 ('5', NULL, 'm140829_000001_single_title_formats', '2017-07-11 20:37:19', '2017-07-11 20:37:19', '2017-07-11 20:37:19', 'd58dbceb-6c6a-4f62-8593-b88584edcc29'),
 ('6', NULL, 'm140831_000001_extended_cache_keys', '2017-07-11 20:37:19', '2017-07-11 20:37:19', '2017-07-11 20:37:19', '1a80d935-e6d8-4cc5-bb9f-7ce956c28ab4'),
 ('7', NULL, 'm140922_000001_delete_orphaned_matrix_blocks', '2017-07-11 20:37:19', '2017-07-11 20:37:19', '2017-07-11 20:37:19', 'a7bd1922-059f-473a-abe0-799ee5d31653'),
 ('8', NULL, 'm141008_000001_elements_index_tune', '2017-07-11 20:37:19', '2017-07-11 20:37:19', '2017-07-11 20:37:19', '78f4d62a-5a6b-45e9-8eab-60e9d6944fea'),
 ('9', NULL, 'm141009_000001_assets_source_handle', '2017-07-11 20:37:19', '2017-07-11 20:37:19', '2017-07-11 20:37:19', '342feec6-cd94-41f5-8708-6892b7157ef3'),
 ('10', NULL, 'm141024_000001_field_layout_tabs', '2017-07-11 20:37:19', '2017-07-11 20:37:19', '2017-07-11 20:37:19', '9e46bc7b-141f-4968-b9cf-580f8a95484c'),
 ('11', NULL, 'm141030_000000_plugin_schema_versions', '2017-07-11 20:37:19', '2017-07-11 20:37:19', '2017-07-11 20:37:19', 'c9e0a22e-127d-4b95-a9ef-c28b0b20ff7a'),
 ('12', NULL, 'm141030_000001_drop_structure_move_permission', '2017-07-11 20:37:19', '2017-07-11 20:37:19', '2017-07-11 20:37:19', 'ff1a26d0-ca97-4d08-b616-a2b31f2fe276'),
 ('13', NULL, 'm141103_000001_tag_titles', '2017-07-11 20:37:19', '2017-07-11 20:37:19', '2017-07-11 20:37:19', '0b9465b6-a7e1-45fc-8d8c-e989cc4c1433'),
 ('14', NULL, 'm141109_000001_user_status_shuffle', '2017-07-11 20:37:19', '2017-07-11 20:37:19', '2017-07-11 20:37:19', '0a10bb17-750d-4a9b-a66b-2d937665b0f7'),
 ('15', NULL, 'm141126_000001_user_week_start_day', '2017-07-11 20:37:19', '2017-07-11 20:37:19', '2017-07-11 20:37:19', '9d0d81fb-b25f-4d84-96e2-185d407f1344'),
 ('16', NULL, 'm150210_000001_adjust_user_photo_size', '2017-07-11 20:37:19', '2017-07-11 20:37:19', '2017-07-11 20:37:19', '4b8310f5-7ade-47b5-bb2a-1da7bc94d803'),
 ('17', NULL, 'm150724_000001_adjust_quality_settings', '2017-07-11 20:37:19', '2017-07-11 20:37:19', '2017-07-11 20:37:19', '93c39dd1-8e41-408c-afa1-027b4e0ea74f'),
 ('18', NULL, 'm150827_000000_element_index_settings', '2017-07-11 20:37:19', '2017-07-11 20:37:19', '2017-07-11 20:37:19', '7602c88c-9ba9-48e8-bab6-785213716d15'),
 ('19', NULL, 'm150918_000001_add_colspan_to_widgets', '2017-07-11 20:37:19', '2017-07-11 20:37:19', '2017-07-11 20:37:19', 'a3d84697-70b2-40d3-a321-de53e4aa33b6'),
 ('20', NULL, 'm151007_000000_clear_asset_caches', '2017-07-11 20:37:19', '2017-07-11 20:37:19', '2017-07-11 20:37:19', '69d95dc2-dcc3-475c-bc97-084de2550f3e'),
 ('21', NULL, 'm151109_000000_text_url_formats', '2017-07-11 20:37:19', '2017-07-11 20:37:19', '2017-07-11 20:37:19', 'df01f4f7-9ba2-4dbb-8785-2f9e88d49e6c'),
 ('22', NULL, 'm151110_000000_move_logo', '2017-07-11 20:37:19', '2017-07-11 20:37:19', '2017-07-11 20:37:19', 'ed38c4be-a254-4082-9751-f3794a7a04a9'),
 ('23', NULL, 'm151117_000000_adjust_image_widthheight', '2017-07-11 20:37:19', '2017-07-11 20:37:19', '2017-07-11 20:37:19', 'd0f61ae3-4fb3-4d12-9bd1-451805e54471'),
 ('24', NULL, 'm151127_000000_clear_license_key_status', '2017-07-11 20:37:19', '2017-07-11 20:37:19', '2017-07-11 20:37:19', '2ce52928-eb5f-4cc4-85ac-f619eb476d81'),
 ('25', NULL, 'm151127_000000_plugin_license_keys', '2017-07-11 20:37:19', '2017-07-11 20:37:19', '2017-07-11 20:37:19', '2f7fc646-a644-4a05-b78e-e6b477104d7d'),
 ('26', NULL, 'm151130_000000_update_pt_widget_feeds', '2017-07-11 20:37:19', '2017-07-11 20:37:19', '2017-07-11 20:37:19', 'be99d47d-0bb5-4de8-ae14-72f2d04551aa'),
 ('27', NULL, 'm160114_000000_asset_sources_public_url_default_true', '2017-07-11 20:37:19', '2017-07-11 20:37:19', '2017-07-11 20:37:19', '2362d844-1d4d-45af-ba40-13ad3052ee88'),
 ('28', NULL, 'm160223_000000_sortorder_to_smallint', '2017-07-11 20:37:19', '2017-07-11 20:37:19', '2017-07-11 20:37:19', '9bad76a6-ec8a-4831-90b0-e23f4d4e307f'),
 ('29', NULL, 'm160229_000000_set_default_entry_statuses', '2017-07-11 20:37:19', '2017-07-11 20:37:19', '2017-07-11 20:37:19', '494d4beb-83a7-4d0c-aa4c-d04b01e36cfd'),
 ('30', NULL, 'm160304_000000_client_permissions', '2017-07-11 20:37:19', '2017-07-11 20:37:19', '2017-07-11 20:37:19', '500b82a1-1970-4e19-a9df-8a56622ce0bc'),
 ('31', NULL, 'm160322_000000_asset_filesize', '2017-07-11 20:37:19', '2017-07-11 20:37:19', '2017-07-11 20:37:19', '8785c8b7-0131-4c99-ad83-5308f8c63d7c'),
 ('32', NULL, 'm160503_000000_orphaned_fieldlayouts', '2017-07-11 20:37:19', '2017-07-11 20:37:19', '2017-07-11 20:37:19', '77d7056f-cdcf-4c52-b2ba-dd492d269dd1'),
 ('33', NULL, 'm160510_000000_tasksettings', '2017-07-11 20:37:19', '2017-07-11 20:37:19', '2017-07-11 20:37:19', 'f6e9e844-3afa-4493-bbd9-3636394150f6'),
 ('34', NULL, 'm160829_000000_pending_user_content_cleanup', '2017-07-11 20:37:19', '2017-07-11 20:37:19', '2017-07-11 20:37:19', '16bc4fe0-2058-44fd-ac79-e928a302e04f'),
 ('35', NULL, 'm160830_000000_asset_index_uri_increase', '2017-07-11 20:37:19', '2017-07-11 20:37:19', '2017-07-11 20:37:19', '664c92fb-8233-4ba8-bb5e-58a8e723fde3'),
 ('36', NULL, 'm160919_000000_usergroup_handle_title_unique', '2017-07-11 20:37:19', '2017-07-11 20:37:19', '2017-07-11 20:37:19', '7305722f-9a22-402f-83aa-1c3df8aa13bd'),
 ('37', NULL, 'm161108_000000_new_version_format', '2017-07-11 20:37:19', '2017-07-11 20:37:19', '2017-07-11 20:37:19', 'e450a157-117e-406d-a1f2-d0d61d315c7a'),
 ('38', NULL, 'm161109_000000_index_shuffle', '2017-07-11 20:37:19', '2017-07-11 20:37:19', '2017-07-11 20:37:19', '60c4cee9-46ae-4894-803e-ece6bf184c12'),
 ('39', NULL, 'm170612_000000_route_index_shuffle', '2017-07-11 20:37:19', '2017-07-11 20:37:19', '2017-07-11 20:37:19', '08f0f92c-b07e-471a-99f0-4825a4752568');



DROP TABLE IF EXISTS `sk_plugins`;


--
-- Schema for table `sk_plugins`
--
CREATE TABLE `sk_plugins` (
  `id` int(11) NOT NULL AUTO_INCREMENT,
  `class` varchar(150) COLLATE utf8_unicode_ci NOT NULL,
  `version` varchar(15) COLLATE utf8_unicode_ci NOT NULL,
  `schemaVersion` varchar(15) COLLATE utf8_unicode_ci DEFAULT NULL,
  `licenseKey` char(24) COLLATE utf8_unicode_ci DEFAULT NULL,
  `licenseKeyStatus` enum('valid','invalid','mismatched','unknown') COLLATE utf8_unicode_ci NOT NULL DEFAULT 'unknown',
  `enabled` tinyint(1) unsigned NOT NULL DEFAULT '0',
  `settings` text COLLATE utf8_unicode_ci,
  `installDate` datetime NOT NULL,
  `dateCreated` datetime NOT NULL,
  `dateUpdated` datetime NOT NULL,
  `uid` char(36) COLLATE utf8_unicode_ci NOT NULL DEFAULT '0',
  PRIMARY KEY (`id`)
) ENGINE=InnoDB AUTO_INCREMENT=4 DEFAULT CHARSET=utf8 COLLATE=utf8_unicode_ci;

--
-- Data for table `sk_plugins`
--

INSERT INTO `sk_plugins` (`id`, `class`, `version`, `schemaVersion`, `licenseKey`, `licenseKeyStatus`, `enabled`, `settings`, `installDate`, `dateCreated`, `dateUpdated`, `uid`) VALUES
 ('1', 'CheatSheet', '1.2.1', NULL, NULL, 'unknown', '1', NULL, '2017-07-11 23:19:01', '2017-07-11 23:19:01', '2017-07-25 21:18:41', 'd925f096-864b-4cb7-88aa-b9c95d4d966a'),
 ('2', 'Imager', '1.5.4', '1.0.0', NULL, 'unknown', '1', NULL, '2017-07-11 23:19:03', '2017-07-11 23:19:03', '2017-07-25 21:18:41', '2240391c-6df3-43a6-ad70-e0bf14dddac4'),
 ('3', 'ElementApi', '1.6.0', '1.0.0', NULL, 'unknown', '1', NULL, '2017-07-12 02:42:35', '2017-07-12 02:42:35', '2017-07-25 21:18:41', '5e617d83-2a65-402a-9764-092e6492e12b');



DROP TABLE IF EXISTS `sk_rackspaceaccess`;


--
-- Schema for table `sk_rackspaceaccess`
--
CREATE TABLE `sk_rackspaceaccess` (
  `id` int(11) NOT NULL AUTO_INCREMENT,
  `connectionKey` varchar(255) COLLATE utf8_unicode_ci NOT NULL,
  `token` varchar(255) COLLATE utf8_unicode_ci NOT NULL,
  `storageUrl` varchar(255) COLLATE utf8_unicode_ci NOT NULL,
  `cdnUrl` varchar(255) COLLATE utf8_unicode_ci NOT NULL,
  `dateCreated` datetime NOT NULL,
  `dateUpdated` datetime NOT NULL,
  `uid` char(36) COLLATE utf8_unicode_ci NOT NULL DEFAULT '0',
  PRIMARY KEY (`id`),
  UNIQUE KEY `sk_rackspaceaccess_connectionKey_unq_idx` (`connectionKey`)
) ENGINE=InnoDB DEFAULT CHARSET=utf8 COLLATE=utf8_unicode_ci;

DROP TABLE IF EXISTS `sk_relations`;


--
-- Schema for table `sk_relations`
--
CREATE TABLE `sk_relations` (
  `id` int(11) NOT NULL AUTO_INCREMENT,
  `fieldId` int(11) NOT NULL,
  `sourceId` int(11) NOT NULL,
  `sourceLocale` char(12) COLLATE utf8_unicode_ci DEFAULT NULL,
  `targetId` int(11) NOT NULL,
  `sortOrder` smallint(6) DEFAULT NULL,
  `dateCreated` datetime NOT NULL,
  `dateUpdated` datetime NOT NULL,
  `uid` char(36) COLLATE utf8_unicode_ci NOT NULL DEFAULT '0',
  PRIMARY KEY (`id`),
  UNIQUE KEY `sk_relations_fieldId_sourceId_sourceLocale_targetId_unq_idx` (`fieldId`,`sourceId`,`sourceLocale`,`targetId`),
  KEY `sk_relations_sourceId_fk` (`sourceId`),
  KEY `sk_relations_sourceLocale_fk` (`sourceLocale`),
  KEY `sk_relations_targetId_fk` (`targetId`)
) ENGINE=InnoDB AUTO_INCREMENT=43 DEFAULT CHARSET=utf8 COLLATE=utf8_unicode_ci;

--
-- Data for table `sk_relations`
--

INSERT INTO `sk_relations` (`id`, `fieldId`, `sourceId`, `sourceLocale`, `targetId`, `sortOrder`, `dateCreated`, `dateUpdated`, `uid`) VALUES
 ('6', '18', '21', NULL, '2', '1', '2017-07-14 00:27:20', '2017-07-14 00:27:20', 'ab7477ba-b927-468d-9ac1-0e3435a45b30'),
 ('7', '19', '23', NULL, '19', '1', '2017-07-14 00:27:20', '2017-07-14 00:27:20', '57c703c1-46c4-4f94-a95a-4e462dc7e4b3'),
 ('26', '20', '28', NULL, '14', '1', '2017-07-14 20:20:13', '2017-07-14 20:20:13', 'cffc6a3e-b953-45d7-a83c-297ba46cb2ab'),
 ('27', '7', '30', NULL, '11', '1', '2017-07-14 20:20:13', '2017-07-14 20:20:13', 'dde913a7-3122-44ed-8c48-1457a93ff158'),
 ('28', '9', '31', NULL, '7', '1', '2017-07-14 20:20:13', '2017-07-14 20:20:13', '45fe764b-ca65-4b70-a3b2-61ce63855edc'),
 ('29', '9', '31', NULL, '8', '2', '2017-07-14 20:20:13', '2017-07-14 20:20:13', '6af23d3a-8809-4be9-ad7d-c5106968fedc'),
 ('30', '21', '35', NULL, '6', '1', '2017-07-14 20:20:13', '2017-07-14 20:20:13', '53005655-445d-401f-a3f9-85243bdf4e94'),
 ('31', '8', '36', NULL, '10', '1', '2017-07-14 20:20:13', '2017-07-14 20:20:13', '5699a789-2b21-4f37-a512-3b220c854f34'),
 ('32', '8', '37', NULL, '9', '1', '2017-07-14 20:20:13', '2017-07-14 20:20:13', '8bcd7097-a337-46de-a849-3fea488a3d4d'),
 ('33', '9', '38', NULL, '12', '1', '2017-07-14 20:20:13', '2017-07-14 20:20:13', '11b58343-ef23-424f-bfc0-808b80ce580f'),
 ('34', '9', '38', NULL, '13', '2', '2017-07-14 20:20:13', '2017-07-14 20:20:13', '653ae777-5bff-4e93-a049-a311999e445e'),
 ('35', '9', '38', NULL, '15', '3', '2017-07-14 20:20:13', '2017-07-14 20:20:13', '57698f9a-3fc7-49af-98d2-5bc8ee8f98f8'),
 ('36', '2', '28', NULL, '32', '1', '2017-07-14 20:20:13', '2017-07-14 20:20:13', 'e312a77d-626f-489a-a3b8-dac001e33f31'),
 ('37', '2', '28', NULL, '33', '2', '2017-07-14 20:20:13', '2017-07-14 20:20:13', '015b5b43-9fa1-40a0-84a4-63cd91c39954'),
 ('38', '2', '28', NULL, '34', '3', '2017-07-14 20:20:13', '2017-07-14 20:20:13', 'eb0b1a7f-cd0f-45d8-bb14-5689144c288c'),
 ('39', '14', '28', NULL, '18', '1', '2017-07-14 20:20:13', '2017-07-14 20:20:13', 'bd4a5403-d00b-4834-aacb-fe359c26851b'),
 ('41', '20', '4', NULL, '11', '1', '2017-07-16 20:16:01', '2017-07-16 20:16:01', '9a8a5594-c43b-482d-8dbd-ef2372c922c8'),
 ('42', '20', '41', NULL, '40', '1', '2017-07-16 20:53:22', '2017-07-16 20:53:22', '117c0afd-01f6-495f-be53-0bc99beeef3b');



DROP TABLE IF EXISTS `sk_routes`;


--
-- Schema for table `sk_routes`
--
CREATE TABLE `sk_routes` (
  `id` int(11) NOT NULL AUTO_INCREMENT,
  `locale` char(12) COLLATE utf8_unicode_ci DEFAULT NULL,
  `urlParts` varchar(255) COLLATE utf8_unicode_ci NOT NULL,
  `urlPattern` varchar(255) COLLATE utf8_unicode_ci NOT NULL,
  `template` varchar(255) COLLATE utf8_unicode_ci NOT NULL,
  `sortOrder` smallint(6) unsigned DEFAULT NULL,
  `dateCreated` datetime NOT NULL,
  `dateUpdated` datetime NOT NULL,
  `uid` char(36) COLLATE utf8_unicode_ci NOT NULL DEFAULT '0',
  PRIMARY KEY (`id`),
  KEY `sk_routes_locale_idx` (`locale`),
  KEY `sk_routes_urlPattern_idx` (`urlPattern`)
) ENGINE=InnoDB DEFAULT CHARSET=utf8 COLLATE=utf8_unicode_ci;

DROP TABLE IF EXISTS `sk_searchindex`;


--
-- Schema for table `sk_searchindex`
--
CREATE TABLE `sk_searchindex` (
  `elementId` int(11) NOT NULL,
  `attribute` varchar(25) COLLATE utf8_unicode_ci NOT NULL,
  `fieldId` int(11) NOT NULL,
  `locale` char(12) COLLATE utf8_unicode_ci NOT NULL,
  `keywords` text COLLATE utf8_unicode_ci NOT NULL,
  PRIMARY KEY (`elementId`,`attribute`,`fieldId`,`locale`),
  FULLTEXT KEY `sk_searchindex_keywords_idx` (`keywords`)
) ENGINE=MyISAM DEFAULT CHARSET=utf8 COLLATE=utf8_unicode_ci;

--
-- Data for table `sk_searchindex`
--

INSERT INTO `sk_searchindex` (`elementId`, `attribute`, `fieldId`, `locale`, `keywords`) VALUES
 ('1', 'username', '0', 'en_us', ' webmaster '),
 ('1', 'firstname', '0', 'en_us', ''),
 ('1', 'lastname', '0', 'en_us', ''),
 ('1', 'fullname', '0', 'en_us', ''),
 ('1', 'email', '0', 'en_us', ' jamalkpowell gmail com '),
 ('1', 'slug', '0', 'en_us', ''),
 ('2', 'slug', '0', 'en_us', ' homepage '),
 ('2', 'title', '0', 'en_us', ' welcome to 192 168 33 10 '),
 ('2', 'field', '1', 'en_us', ' it s true this site doesn t have a whole lot of content yet but don t worry our web developers have just installed the cms and they re setting things up for the content editors this very moment soon 192 168 33 10 will be an oasis of fresh perspectives sharp analyses and astute opinions that will keep you coming back again and again '),
 ('3', 'field', '1', 'en_us', ' craft is the cms that s powering 192 168 33 10 it s beautiful powerful flexible and easy to use and it s made by pixel tonic we can t wait to dive in and see what it s capable of this is even more captivating content which you couldn t see on the news index page because it was entered after a page break and the news index template only likes to show the content on the first page craft a nice alternative to word if you re making a website '),
 ('3', 'field', '2', 'en_us', ''),
 ('3', 'slug', '0', 'en_us', ' we just installed craft '),
 ('3', 'title', '0', 'en_us', ' we just installed craft '),
 ('4', 'field', '3', 'en_us', ' delicious some copynasdf asdf asdf asdf asd asfasdfasdfa asds fbsp this is it '),
 ('4', 'field', '2', 'en_us', ''),
 ('4', 'slug', '0', 'en_us', ' spaghetti '),
 ('4', 'title', '0', 'en_us', ' spaghetti '),
 ('5', 'field', '6', 'en_us', ' delicious some copynasdf asdf asdf asdf asd asfasdfasdfa asds fbsp this is it '),
 ('5', 'slug', '0', 'en_us', ''),
 ('6', 'filename', '0', 'en_us', ' thai lettuce wrap 1 min jpg '),
 ('6', 'extension', '0', 'en_us', ' jpg '),
 ('6', 'kind', '0', 'en_us', ' image '),
 ('6', 'slug', '0', 'en_us', ' thai lettuce wrap 1 min '),
 ('6', 'title', '0', 'en_us', ' thai lettuce wrap 1 min '),
 ('7', 'filename', '0', 'en_us', ' thai lettuce wrap 2 min jpg '),
 ('7', 'extension', '0', 'en_us', ' jpg '),
 ('7', 'kind', '0', 'en_us', ' image '),
 ('7', 'slug', '0', 'en_us', ' thai lettuce wrap 2 min '),
 ('7', 'title', '0', 'en_us', ' thai lettuce wrap 2 min '),
 ('8', 'filename', '0', 'en_us', ' thai lettuce wrap 3 min jpg '),
 ('8', 'extension', '0', 'en_us', ' jpg '),
 ('8', 'kind', '0', 'en_us', ' image '),
 ('8', 'slug', '0', 'en_us', ' thai lettuce wrap 3 min '),
 ('8', 'title', '0', 'en_us', ' thai lettuce wrap 3 min '),
 ('9', 'filename', '0', 'en_us', ' thai lettuce wrap 4 min jpg '),
 ('9', 'extension', '0', 'en_us', ' jpg '),
 ('9', 'kind', '0', 'en_us', ' image '),
 ('9', 'slug', '0', 'en_us', ' thai lettuce wrap 4 min '),
 ('9', 'title', '0', 'en_us', ' thai lettuce wrap 4 min '),
 ('10', 'filename', '0', 'en_us', ' thai lettuce wrap 5 min jpg '),
 ('10', 'extension', '0', 'en_us', ' jpg '),
 ('10', 'kind', '0', 'en_us', ' image '),
 ('10', 'slug', '0', 'en_us', ' thai lettuce wrap 5 min '),
 ('10', 'title', '0', 'en_us', ' thai lettuce wrap 5 min '),
 ('11', 'filename', '0', 'en_us', ' thai lettuce wrap 6 min jpg '),
 ('11', 'extension', '0', 'en_us', ' jpg '),
 ('11', 'kind', '0', 'en_us', ' image '),
 ('11', 'slug', '0', 'en_us', ' thai lettuce wrap 6 min '),
 ('11', 'title', '0', 'en_us', ' thai lettuce wrap '),
 ('12', 'filename', '0', 'en_us', ' thai lettuce wrap 7 min jpg '),
 ('12', 'extension', '0', 'en_us', ' jpg '),
 ('12', 'kind', '0', 'en_us', ' image '),
 ('12', 'slug', '0', 'en_us', ' thai lettuce wrap 7 min '),
 ('12', 'title', '0', 'en_us', ' thai lettuce wrap 7 min '),
 ('13', 'filename', '0', 'en_us', ' thai lettuce wrap 8 min jpg '),
 ('13', 'extension', '0', 'en_us', ' jpg '),
 ('13', 'kind', '0', 'en_us', ' image '),
 ('13', 'slug', '0', 'en_us', ' thai lettuce wrap 8 min '),
 ('13', 'title', '0', 'en_us', ' thai lettuce wrap 8 min '),
 ('14', 'filename', '0', 'en_us', ' thai lettuce wrap 9 min jpg '),
 ('14', 'extension', '0', 'en_us', ' jpg '),
 ('14', 'kind', '0', 'en_us', ' image '),
 ('14', 'slug', '0', 'en_us', ' thai lettuce wrap 9 min '),
 ('14', 'title', '0', 'en_us', ' thai lettuce wrap 9 min '),
 ('15', 'filename', '0', 'en_us', ' thai lettuce wrap 10 min jpg '),
 ('15', 'extension', '0', 'en_us', ' jpg '),
 ('15', 'kind', '0', 'en_us', ' image '),
 ('15', 'slug', '0', 'en_us', ' thai lettuce wrap 10 min '),
 ('15', 'title', '0', 'en_us', ' thai lettuce wrap 10 min '),
 ('17', 'slug', '0', 'en_us', ' dinners '),
 ('17', 'title', '0', 'en_us', ' dinners '),
 ('18', 'slug', '0', 'en_us', ' lunch '),
 ('18', 'title', '0', 'en_us', ' lunch '),
 ('19', 'slug', '0', 'en_us', ' main course '),
 ('19', 'title', '0', 'en_us', ' main course '),
 ('20', 'field', '15', 'en_us', ' welcome to 192 168 33 10 home google http www google com main course main course '),
 ('20', 'slug', '0', 'en_us', ' header '),
 ('20', 'title', '0', 'en_us', ' header '),
 ('21', 'field', '16', 'en_us', ' home '),
 ('21', 'field', '17', 'en_us', ''),
 ('21', 'field', '18', 'en_us', ' welcome to 192 168 33 10 '),
 ('21', 'field', '19', 'en_us', ''),
 ('21', 'slug', '0', 'en_us', ''),
 ('22', 'field', '16', 'en_us', ' google '),
 ('22', 'field', '17', 'en_us', ' http www google com '),
 ('22', 'field', '18', 'en_us', ''),
 ('22', 'field', '19', 'en_us', ''),
 ('22', 'slug', '0', 'en_us', ''),
 ('23', 'field', '16', 'en_us', ' main course '),
 ('23', 'field', '17', 'en_us', ''),
 ('23', 'field', '18', 'en_us', ''),
 ('23', 'field', '19', 'en_us', ' main course '),
 ('23', 'slug', '0', 'en_us', ''),
 ('4', 'field', '12', 'en_us', ''),
 ('4', 'field', '20', 'en_us', ' thai lettuce wrap '),
 ('25', 'field', '15', 'en_us', ' social http www instagram com blog landing about '),
 ('25', 'slug', '0', 'en_us', ' footer '),
 ('25', 'title', '0', 'en_us', ' footer '),
 ('26', 'field', '16', 'en_us', ' social '),
 ('26', 'field', '17', 'en_us', ' http www instagram com ');
INSERT INTO `sk_searchindex` (`elementId`, `attribute`, `fieldId`, `locale`, `keywords`) VALUES
 ('26', 'field', '18', 'en_us', ''),
 ('26', 'field', '19', 'en_us', ''),
 ('26', 'slug', '0', 'en_us', ''),
 ('27', 'field', '16', 'en_us', ' about '),
 ('27', 'field', '17', 'en_us', ''),
 ('27', 'field', '18', 'en_us', ' blog landing '),
 ('27', 'field', '19', 'en_us', ''),
 ('27', 'slug', '0', 'en_us', ''),
 ('28', 'field', '20', 'en_us', ' thai lettuce wrap 9 min '),
 ('28', 'field', '12', 'en_us', ' perfect for a quick and tasty lunch '),
 ('28', 'field', '13', 'en_us', ''),
 ('28', 'field', '3', 'en_us', ' i ll be the first to admit that i ve always been rather skeptical and intimidated by the idea of veganism to me it s always sounded like a buzz word that implies a rigid restriction and deprivation around food which for someone who loves food as much as i do is a huge turn off in our society there s so much baggage tied to food and eating and morality is inextricably linked to healthy eating if you re a vegan you re a good righteous person who stands up for helpless animals and treats your body as a temple if you re a meat eater you re an indulgent carnivore that s ruled by your primal cravings these stereotypes have always made me feel like i ve had to pick a side and stay within my lane i don t eat vegan because i m not that type of person but lately now that i ve embarked on my own journey towards getting healthy and becoming a health coach my ideas have began to shift i m realizing that my relationship to food as not as black and white as i ve always made it out to be and my food choices should be ruled by my body instead of my mind if my body wants a steak then i want to give it the fattest juciest steak i can get my hands on if my body is craving vegetables i want to feed it a ripe colorful diverse array of veggies my body knows what it needs and the more i tap in and listen to that the healthier and more fulfilled i will be that said at one point if someone told me that i would voluntarily make one of my favorite recipes thai larb lettuce cups into a vegan recipe i would have balked and probably even gagged at the idea but here i am replacing ground beef with vegan tempeh in this fresh delicious recipe and loving every bite i don t even recognize myself anymore thai lettuce wrap thai lettuce wrap 2 min thai lettuce wrap 3 min 1 block of tempehfresh herbs parsley cilantro mint dill basil1 head of lettuce broken up as cups1 persian cucumber sliced1 2 onion1 jalapeno5 garlic bulbsa big chunk of ginger1 lime1 lemonsoy saucehoney1 tbsp crushed peanuts thai lettuce wrap 1 min start by steaming the tempeh in a sauce pan by adding a shallow layer of salt water let the tempeh steam for at least 10 minutes until it is soft and can be easily crumbled finely slice the onion ginger garlic and jalapeno and add them together to create a thick paste add coconut oil to a hot cast iron pan and add salt pepper and sesame seeds let the sesame seeds toast until they are brown and fragrant add the veggie mixture and cook until they are golden brown then throw in the crumbled tempeh mix all ingredients together adding a dash of soy sauce honey and the juice of a lime sprinkle fresh cut herbs into the mixture and some pink peppercorns for kick while the tempeh is cooking assemble the fresh herbs lettuce cups tomatoes and crushed peanuts serve together allowing each person to assemble their own lettuce cups as desired thai lettuce wrap 5 min thai lettuce wrap 4 min thai lettuce wrap 7 min thai lettuce wrap 8 min thai lettuce wrap 10 min '),
 ('28', 'field', '2', 'en_us', ' vegan lettu easy '),
 ('28', 'field', '14', 'en_us', ' lunch '),
 ('28', 'slug', '0', 'en_us', ' vegan thai larb lettuce cups '),
 ('28', 'title', '0', 'en_us', ' vegan thai larb lettuce cups '),
 ('29', 'field', '6', 'en_us', ' i ll be the first to admit that i ve always been rather skeptical and intimidated by the idea of veganism to me it s always sounded like a buzz word that implies a rigid restriction and deprivation around food which for someone who loves food as much as i do is a huge turn off in our society there s so much baggage tied to food and eating and morality is inextricably linked to healthy eating if you re a vegan you re a good righteous person who stands up for helpless animals and treats your body as a temple if you re a meat eater you re an indulgent carnivore that s ruled by your primal cravings these stereotypes have always made me feel like i ve had to pick a side and stay within my lane i don t eat vegan because i m not that type of person but lately now that i ve embarked on my own journey towards getting healthy and becoming a health coach my ideas have began to shift i m realizing that my relationship to food as not as black and white as i ve always made it out to be and my food choices should be ruled by my body instead of my mind if my body wants a steak then i want to give it the fattest juciest steak i can get my hands on if my body is craving vegetables i want to feed it a ripe colorful diverse array of veggies my body knows what it needs and the more i tap in and listen to that the healthier and more fulfilled i will be that said at one point if someone told me that i would voluntarily make one of my favorite recipes thai larb lettuce cups into a vegan recipe i would have balked and probably even gagged at the idea but here i am replacing ground beef with vegan tempeh in this fresh delicious recipe and loving every bite i don t even recognize myself anymore '),
 ('29', 'slug', '0', 'en_us', ''),
 ('30', 'field', '7', 'en_us', ' thai lettuce wrap '),
 ('30', 'field', '8', 'en_us', ''),
 ('30', 'field', '9', 'en_us', ''),
 ('30', 'slug', '0', 'en_us', ''),
 ('31', 'field', '7', 'en_us', ''),
 ('31', 'field', '8', 'en_us', ''),
 ('31', 'field', '9', 'en_us', ' thai lettuce wrap 2 min thai lettuce wrap 3 min '),
 ('31', 'slug', '0', 'en_us', ''),
 ('32', 'name', '0', 'en_us', ' vegan '),
 ('32', 'slug', '0', 'en_us', ' vegan '),
 ('32', 'title', '0', 'en_us', ' vegan '),
 ('33', 'name', '0', 'en_us', ' lettu '),
 ('33', 'slug', '0', 'en_us', ' lettu '),
 ('33', 'title', '0', 'en_us', ' lettu '),
 ('34', 'name', '0', 'en_us', ' easy '),
 ('34', 'slug', '0', 'en_us', ' easy '),
 ('34', 'title', '0', 'en_us', ' easy '),
 ('35', 'field', '21', 'en_us', ' thai lettuce wrap 1 min '),
 ('35', 'field', '22', 'en_us', ' 1 block of tempehfresh herbs parsley cilantro mint dill basil1 head of lettuce broken up as cups1 persian cucumber sliced1 2 onion1 jalapeno5 garlic bulbsa big chunk of ginger1 lime1 lemonsoy saucehoney1 tbsp crushed peanuts '),
 ('35', 'field', '23', 'en_us', ' start by steaming the tempeh in a sauce pan by adding a shallow layer of salt water let the tempeh steam for at least 10 minutes until it is soft and can be easily crumbled finely slice the onion ginger garlic and jalapeno and add them together to create a thick paste add coconut oil to a hot cast iron pan and add salt pepper and sesame seeds let the sesame seeds toast until they are brown and fragrant add the veggie mixture and cook until they are golden brown then throw in the crumbled tempeh mix all ingredients together adding a dash of soy sauce honey and the juice of a lime sprinkle fresh cut herbs into the mixture and some pink peppercorns for kick while the tempeh is cooking assemble the fresh herbs lettuce cups tomatoes and crushed peanuts serve together allowing each person to assemble their own lettuce cups as desired '),
 ('35', 'slug', '0', 'en_us', ''),
 ('36', 'field', '7', 'en_us', ''),
 ('36', 'field', '8', 'en_us', ' thai lettuce wrap 5 min '),
 ('36', 'field', '9', 'en_us', ''),
 ('36', 'slug', '0', 'en_us', ''),
 ('37', 'field', '7', 'en_us', ''),
 ('37', 'field', '8', 'en_us', ' thai lettuce wrap 4 min '),
 ('37', 'field', '9', 'en_us', ''),
 ('37', 'slug', '0', 'en_us', ''),
 ('38', 'field', '7', 'en_us', ''),
 ('38', 'field', '8', 'en_us', ''),
 ('38', 'field', '9', 'en_us', ' thai lettuce wrap 7 min thai lettuce wrap 8 min thai lettuce wrap 10 min '),
 ('38', 'slug', '0', 'en_us', ''),
 ('4', 'field', '13', 'en_us', ''),
 ('4', 'field', '14', 'en_us', ''),
 ('39', 'filename', '0', 'en_us', ' spaghetti jpg '),
 ('39', 'extension', '0', 'en_us', ' jpg '),
 ('39', 'kind', '0', 'en_us', ' image '),
 ('39', 'slug', '0', 'en_us', ' spaghetti '),
 ('39', 'title', '0', 'en_us', ' spaghetti '),
 ('40', 'filename', '0', 'en_us', ' ceviche jpg '),
 ('40', 'extension', '0', 'en_us', ' jpg '),
 ('40', 'kind', '0', 'en_us', ' image '),
 ('40', 'slug', '0', 'en_us', ' dsf7971 '),
 ('40', 'title', '0', 'en_us', ' ceviche '),
 ('41', 'field', '20', 'en_us', ' ceviche '),
 ('41', 'field', '12', 'en_us', ''),
 ('41', 'field', '13', 'en_us', ''),
 ('41', 'field', '3', 'en_us', ''),
 ('41', 'field', '2', 'en_us', ''),
 ('41', 'field', '14', 'en_us', ''),
 ('41', 'slug', '0', 'en_us', ' shrimp ceviche '),
 ('41', 'title', '0', 'en_us', ' shrimp ceviche ');



DROP TABLE IF EXISTS `sk_sections`;


--
-- Schema for table `sk_sections`
--
CREATE TABLE `sk_sections` (
  `id` int(11) NOT NULL AUTO_INCREMENT,
  `structureId` int(11) DEFAULT NULL,
  `name` varchar(255) COLLATE utf8_unicode_ci NOT NULL,
  `handle` varchar(255) COLLATE utf8_unicode_ci NOT NULL,
  `type` enum('single','channel','structure') COLLATE utf8_unicode_ci NOT NULL DEFAULT 'channel',
  `hasUrls` tinyint(1) unsigned NOT NULL DEFAULT '1',
  `template` varchar(500) COLLATE utf8_unicode_ci DEFAULT NULL,
  `enableVersioning` tinyint(1) unsigned NOT NULL DEFAULT '0',
  `dateCreated` datetime NOT NULL,
  `dateUpdated` datetime NOT NULL,
  `uid` char(36) COLLATE utf8_unicode_ci NOT NULL DEFAULT '0',
  PRIMARY KEY (`id`),
  UNIQUE KEY `sk_sections_name_unq_idx` (`name`),
  UNIQUE KEY `sk_sections_handle_unq_idx` (`handle`),
  KEY `sk_sections_structureId_fk` (`structureId`)
) ENGINE=InnoDB AUTO_INCREMENT=5 DEFAULT CHARSET=utf8 COLLATE=utf8_unicode_ci;

--
-- Data for table `sk_sections`
--

INSERT INTO `sk_sections` (`id`, `structureId`, `name`, `handle`, `type`, `hasUrls`, `template`, `enableVersioning`, `dateCreated`, `dateUpdated`, `uid`) VALUES
 ('1', NULL, 'Homepage', 'homepage', 'single', '1', 'index', '1', '2017-07-11 20:37:20', '2017-07-11 20:37:20', '7ced3f64-4186-4cde-a8f2-9807f75b0110'),
 ('2', NULL, 'News', 'news', 'channel', '1', 'news/_entry', '1', '2017-07-11 20:37:21', '2017-07-11 20:37:21', '6e0fe6e7-0ec8-49dc-af0f-f9ea7d09b631'),
 ('3', NULL, 'Blog', 'blog', 'channel', '1', 'blog/_entry', '1', '2017-07-11 21:59:31', '2017-07-11 21:59:31', '74bd4ee6-683f-44a5-88be-8a322ad84375'),
 ('4', '2', 'Navigation', 'navigation', 'structure', '0', NULL, '1', '2017-07-13 23:12:26', '2017-07-13 23:12:26', '427e2680-f0bc-4839-ba28-27ba654b150c');



DROP TABLE IF EXISTS `sk_sections_i18n`;


--
-- Schema for table `sk_sections_i18n`
--
CREATE TABLE `sk_sections_i18n` (
  `id` int(11) NOT NULL AUTO_INCREMENT,
  `sectionId` int(11) NOT NULL,
  `locale` char(12) COLLATE utf8_unicode_ci NOT NULL,
  `enabledByDefault` tinyint(1) unsigned NOT NULL DEFAULT '1',
  `urlFormat` text COLLATE utf8_unicode_ci,
  `nestedUrlFormat` text COLLATE utf8_unicode_ci,
  `dateCreated` datetime NOT NULL,
  `dateUpdated` datetime NOT NULL,
  `uid` char(36) COLLATE utf8_unicode_ci NOT NULL DEFAULT '0',
  PRIMARY KEY (`id`),
  UNIQUE KEY `sk_sections_i18n_sectionId_locale_unq_idx` (`sectionId`,`locale`),
  KEY `sk_sections_i18n_locale_fk` (`locale`)
) ENGINE=InnoDB AUTO_INCREMENT=5 DEFAULT CHARSET=utf8 COLLATE=utf8_unicode_ci;

--
-- Data for table `sk_sections_i18n`
--

INSERT INTO `sk_sections_i18n` (`id`, `sectionId`, `locale`, `enabledByDefault`, `urlFormat`, `nestedUrlFormat`, `dateCreated`, `dateUpdated`, `uid`) VALUES
 ('1', '1', 'en_us', '1', '__home__', NULL, '2017-07-11 20:37:20', '2017-07-11 20:37:20', '6df8e824-28f3-476a-ad2c-38080f207144'),
 ('2', '2', 'en_us', '1', 'news/{postDate.year}/{slug}', NULL, '2017-07-11 20:37:21', '2017-07-11 20:37:21', 'c6fe1485-be89-4b8d-a5af-f6b5e91907a8'),
 ('3', '3', 'en_us', '1', '{slug}', NULL, '2017-07-11 21:59:31', '2017-07-11 21:59:31', '31178cd5-5c7a-4d01-8da0-485e4ec336a0'),
 ('4', '4', 'en_us', '1', NULL, NULL, '2017-07-13 23:12:26', '2017-07-13 23:12:26', '0ba91b7b-6bcb-47be-a6a8-93476a6bf74f');



DROP TABLE IF EXISTS `sk_sessions`;


--
-- Schema for table `sk_sessions`
--
CREATE TABLE `sk_sessions` (
  `id` int(11) NOT NULL AUTO_INCREMENT,
  `userId` int(11) NOT NULL,
  `token` char(100) COLLATE utf8_unicode_ci NOT NULL,
  `dateCreated` datetime NOT NULL,
  `dateUpdated` datetime NOT NULL,
  `uid` char(36) COLLATE utf8_unicode_ci NOT NULL DEFAULT '0',
  PRIMARY KEY (`id`),
  KEY `sk_sessions_uid_idx` (`uid`),
  KEY `sk_sessions_token_idx` (`token`),
  KEY `sk_sessions_dateUpdated_idx` (`dateUpdated`),
  KEY `sk_sessions_userId_fk` (`userId`)
) ENGINE=InnoDB AUTO_INCREMENT=9 DEFAULT CHARSET=utf8 COLLATE=utf8_unicode_ci;

DROP TABLE IF EXISTS `sk_shunnedmessages`;


--
-- Schema for table `sk_shunnedmessages`
--
CREATE TABLE `sk_shunnedmessages` (
  `id` int(11) NOT NULL AUTO_INCREMENT,
  `userId` int(11) NOT NULL,
  `message` varchar(255) COLLATE utf8_unicode_ci NOT NULL,
  `expiryDate` datetime DEFAULT NULL,
  `dateCreated` datetime NOT NULL,
  `dateUpdated` datetime NOT NULL,
  `uid` char(36) COLLATE utf8_unicode_ci NOT NULL DEFAULT '0',
  PRIMARY KEY (`id`),
  UNIQUE KEY `sk_shunnedmessages_userId_message_unq_idx` (`userId`,`message`)
) ENGINE=InnoDB DEFAULT CHARSET=utf8 COLLATE=utf8_unicode_ci;

DROP TABLE IF EXISTS `sk_structureelements`;


--
-- Schema for table `sk_structureelements`
--
CREATE TABLE `sk_structureelements` (
  `id` int(11) NOT NULL AUTO_INCREMENT,
  `structureId` int(11) NOT NULL,
  `elementId` int(11) DEFAULT NULL,
  `root` int(11) unsigned DEFAULT NULL,
  `lft` int(11) unsigned NOT NULL,
  `rgt` int(11) unsigned NOT NULL,
  `level` smallint(6) unsigned NOT NULL,
  `dateCreated` datetime NOT NULL,
  `dateUpdated` datetime NOT NULL,
  `uid` char(36) COLLATE utf8_unicode_ci NOT NULL DEFAULT '0',
  PRIMARY KEY (`id`),
  UNIQUE KEY `sk_structureelements_structureId_elementId_unq_idx` (`structureId`,`elementId`),
  KEY `sk_structureelements_root_idx` (`root`),
  KEY `sk_structureelements_lft_idx` (`lft`),
  KEY `sk_structureelements_rgt_idx` (`rgt`),
  KEY `sk_structureelements_level_idx` (`level`),
  KEY `sk_structureelements_elementId_fk` (`elementId`)
) ENGINE=InnoDB AUTO_INCREMENT=8 DEFAULT CHARSET=utf8 COLLATE=utf8_unicode_ci;

--
-- Data for table `sk_structureelements`
--

INSERT INTO `sk_structureelements` (`id`, `structureId`, `elementId`, `root`, `lft`, `rgt`, `level`, `dateCreated`, `dateUpdated`, `uid`) VALUES
 ('1', '1', NULL, '1', '1', '8', '0', '2017-07-12 01:25:12', '2017-07-12 01:25:12', '366e0412-3484-42c0-9373-5896896b5eeb'),
 ('2', '1', '17', '1', '2', '3', '1', '2017-07-12 01:25:12', '2017-07-12 01:25:12', '504af3ed-fa9f-4c69-8731-659803b30394'),
 ('3', '1', '18', '1', '4', '5', '1', '2017-07-12 01:25:20', '2017-07-12 01:25:20', '34b2fa30-2f3c-49c6-acf1-dce8b8a1947e'),
 ('4', '1', '19', '1', '6', '7', '1', '2017-07-12 01:25:43', '2017-07-12 01:25:43', '3d83c5af-9336-4373-9191-5fcb6dbfd053'),
 ('5', '2', NULL, '5', '1', '6', '0', '2017-07-13 23:20:03', '2017-07-13 23:20:03', 'd8713c56-f93e-4377-bec2-e5327090ef67'),
 ('6', '2', '20', '5', '2', '3', '1', '2017-07-13 23:20:03', '2017-07-13 23:20:03', 'ab6058e2-0888-44df-b707-bb2bafee7df9'),
 ('7', '2', '25', '5', '4', '5', '1', '2017-07-14 00:27:07', '2017-07-14 00:27:07', 'c175ae90-337e-4fa5-a5f5-14f45482b4f5');



DROP TABLE IF EXISTS `sk_structures`;


--
-- Schema for table `sk_structures`
--
CREATE TABLE `sk_structures` (
  `id` int(11) NOT NULL AUTO_INCREMENT,
  `maxLevels` smallint(6) unsigned DEFAULT NULL,
  `dateCreated` datetime NOT NULL,
  `dateUpdated` datetime NOT NULL,
  `uid` char(36) COLLATE utf8_unicode_ci NOT NULL DEFAULT '0',
  PRIMARY KEY (`id`)
) ENGINE=InnoDB AUTO_INCREMENT=3 DEFAULT CHARSET=utf8 COLLATE=utf8_unicode_ci;

--
-- Data for table `sk_structures`
--

INSERT INTO `sk_structures` (`id`, `maxLevels`, `dateCreated`, `dateUpdated`, `uid`) VALUES
 ('1', NULL, '2017-07-12 01:24:40', '2017-07-12 01:24:40', 'efbca00c-ca8a-433e-8790-19a15d187dc4'),
 ('2', NULL, '2017-07-13 23:12:26', '2017-07-13 23:12:26', '2446aad1-7bc5-432b-98ba-3e253b56e5be');



DROP TABLE IF EXISTS `sk_systemsettings`;


--
-- Schema for table `sk_systemsettings`
--
CREATE TABLE `sk_systemsettings` (
  `id` int(11) NOT NULL AUTO_INCREMENT,
  `category` varchar(15) COLLATE utf8_unicode_ci NOT NULL,
  `settings` text COLLATE utf8_unicode_ci,
  `dateCreated` datetime NOT NULL,
  `dateUpdated` datetime NOT NULL,
  `uid` char(36) COLLATE utf8_unicode_ci NOT NULL DEFAULT '0',
  PRIMARY KEY (`id`),
  UNIQUE KEY `sk_systemsettings_category_unq_idx` (`category`)
) ENGINE=InnoDB AUTO_INCREMENT=2 DEFAULT CHARSET=utf8 COLLATE=utf8_unicode_ci;

--
-- Data for table `sk_systemsettings`
--

INSERT INTO `sk_systemsettings` (`id`, `category`, `settings`, `dateCreated`, `dateUpdated`, `uid`) VALUES
 ('1', 'email', '{\"protocol\":\"php\",\"emailAddress\":\"jamalkpowell@gmail.com\",\"senderName\":\"Satya Kitchen\"}', '2017-07-11 20:37:20', '2017-07-11 20:37:20', '9f85b17e-029b-4192-b765-a9356a9b4160');



DROP TABLE IF EXISTS `sk_taggroups`;


--
-- Schema for table `sk_taggroups`
--
CREATE TABLE `sk_taggroups` (
  `id` int(11) NOT NULL AUTO_INCREMENT,
  `name` varchar(255) COLLATE utf8_unicode_ci NOT NULL,
  `handle` varchar(255) COLLATE utf8_unicode_ci NOT NULL,
  `fieldLayoutId` int(10) DEFAULT NULL,
  `dateCreated` datetime NOT NULL,
  `dateUpdated` datetime NOT NULL,
  `uid` char(36) COLLATE utf8_unicode_ci NOT NULL DEFAULT '0',
  PRIMARY KEY (`id`),
  UNIQUE KEY `sk_taggroups_name_unq_idx` (`name`),
  UNIQUE KEY `sk_taggroups_handle_unq_idx` (`handle`),
  KEY `sk_taggroups_fieldLayoutId_fk` (`fieldLayoutId`)
) ENGINE=InnoDB AUTO_INCREMENT=2 DEFAULT CHARSET=utf8 COLLATE=utf8_unicode_ci;

--
-- Data for table `sk_taggroups`
--

INSERT INTO `sk_taggroups` (`id`, `name`, `handle`, `fieldLayoutId`, `dateCreated`, `dateUpdated`, `uid`) VALUES
 ('1', 'Default', 'default', '1', '2017-07-11 20:37:20', '2017-07-11 20:37:20', 'bb46b890-0d0f-4ec4-a659-30a3e53f8f2e');



DROP TABLE IF EXISTS `sk_tags`;


--
-- Schema for table `sk_tags`
--
CREATE TABLE `sk_tags` (
  `id` int(11) NOT NULL,
  `groupId` int(11) NOT NULL,
  `dateCreated` datetime NOT NULL,
  `dateUpdated` datetime NOT NULL,
  `uid` char(36) COLLATE utf8_unicode_ci NOT NULL DEFAULT '0',
  PRIMARY KEY (`id`),
  KEY `sk_tags_groupId_fk` (`groupId`)
) ENGINE=InnoDB DEFAULT CHARSET=utf8 COLLATE=utf8_unicode_ci;

--
-- Data for table `sk_tags`
--

INSERT INTO `sk_tags` (`id`, `groupId`, `dateCreated`, `dateUpdated`, `uid`) VALUES
 ('32', '1', '2017-07-14 19:04:42', '2017-07-14 19:04:42', 'e9ad9845-a35b-4254-b91e-d22c4e5359eb'),
 ('33', '1', '2017-07-14 19:04:48', '2017-07-14 19:04:48', 'ad6ff695-14e2-4cf1-99b9-d960746c26e2'),
 ('34', '1', '2017-07-14 19:04:51', '2017-07-14 19:04:51', '80b388cd-5166-43e7-ad36-1b0775c80c8f');



DROP TABLE IF EXISTS `sk_tasks`;


--
-- Schema for table `sk_tasks`
--
CREATE TABLE `sk_tasks` (
  `id` int(11) NOT NULL AUTO_INCREMENT,
  `root` int(11) unsigned DEFAULT NULL,
  `lft` int(11) unsigned NOT NULL,
  `rgt` int(11) unsigned NOT NULL,
  `level` smallint(6) unsigned NOT NULL,
  `currentStep` int(11) unsigned DEFAULT NULL,
  `totalSteps` int(11) unsigned DEFAULT NULL,
  `status` enum('pending','error','running') COLLATE utf8_unicode_ci DEFAULT NULL,
  `type` varchar(150) COLLATE utf8_unicode_ci NOT NULL,
  `description` varchar(255) COLLATE utf8_unicode_ci DEFAULT NULL,
  `settings` mediumtext COLLATE utf8_unicode_ci,
  `dateCreated` datetime NOT NULL,
  `dateUpdated` datetime NOT NULL,
  `uid` char(36) COLLATE utf8_unicode_ci NOT NULL DEFAULT '0',
  PRIMARY KEY (`id`),
  KEY `sk_tasks_root_idx` (`root`),
  KEY `sk_tasks_lft_idx` (`lft`),
  KEY `sk_tasks_rgt_idx` (`rgt`),
  KEY `sk_tasks_level_idx` (`level`)
) ENGINE=InnoDB DEFAULT CHARSET=utf8 COLLATE=utf8_unicode_ci;

DROP TABLE IF EXISTS `sk_templatecachecriteria`;


--
-- Schema for table `sk_templatecachecriteria`
--
CREATE TABLE `sk_templatecachecriteria` (
  `id` int(11) NOT NULL AUTO_INCREMENT,
  `cacheId` int(11) NOT NULL,
  `type` varchar(150) COLLATE utf8_unicode_ci NOT NULL,
  `criteria` text COLLATE utf8_unicode_ci NOT NULL,
  PRIMARY KEY (`id`),
  KEY `sk_templatecachecriteria_cacheId_fk` (`cacheId`),
  KEY `sk_templatecachecriteria_type_idx` (`type`)
) ENGINE=InnoDB DEFAULT CHARSET=utf8 COLLATE=utf8_unicode_ci;

DROP TABLE IF EXISTS `sk_templatecacheelements`;


--
-- Schema for table `sk_templatecacheelements`
--
CREATE TABLE `sk_templatecacheelements` (
  `cacheId` int(11) NOT NULL,
  `elementId` int(11) NOT NULL,
  KEY `sk_templatecacheelements_cacheId_fk` (`cacheId`),
  KEY `sk_templatecacheelements_elementId_fk` (`elementId`)
) ENGINE=InnoDB DEFAULT CHARSET=utf8 COLLATE=utf8_unicode_ci;

DROP TABLE IF EXISTS `sk_templatecaches`;


--
-- Schema for table `sk_templatecaches`
--
CREATE TABLE `sk_templatecaches` (
  `id` int(11) NOT NULL AUTO_INCREMENT,
  `cacheKey` varchar(255) COLLATE utf8_unicode_ci NOT NULL,
  `locale` char(12) COLLATE utf8_unicode_ci NOT NULL,
  `path` varchar(255) COLLATE utf8_unicode_ci DEFAULT NULL,
  `expiryDate` datetime NOT NULL,
  `body` mediumtext COLLATE utf8_unicode_ci NOT NULL,
  PRIMARY KEY (`id`),
  KEY `sk_templatecaches_expiryDate_cacheKey_locale_path_idx` (`expiryDate`,`cacheKey`,`locale`,`path`),
  KEY `sk_templatecaches_locale_fk` (`locale`)
) ENGINE=InnoDB DEFAULT CHARSET=utf8 COLLATE=utf8_unicode_ci;

DROP TABLE IF EXISTS `sk_tokens`;


--
-- Schema for table `sk_tokens`
--
CREATE TABLE `sk_tokens` (
  `id` int(11) NOT NULL AUTO_INCREMENT,
  `token` char(32) COLLATE utf8_unicode_ci NOT NULL,
  `route` text COLLATE utf8_unicode_ci,
  `usageLimit` tinyint(3) unsigned DEFAULT NULL,
  `usageCount` tinyint(3) unsigned DEFAULT NULL,
  `expiryDate` datetime NOT NULL,
  `dateCreated` datetime NOT NULL,
  `dateUpdated` datetime NOT NULL,
  `uid` char(36) COLLATE utf8_unicode_ci NOT NULL DEFAULT '0',
  PRIMARY KEY (`id`),
  UNIQUE KEY `sk_tokens_token_unq_idx` (`token`),
  KEY `sk_tokens_expiryDate_idx` (`expiryDate`)
) ENGINE=InnoDB DEFAULT CHARSET=utf8 COLLATE=utf8_unicode_ci;

DROP TABLE IF EXISTS `sk_usergroups`;


--
-- Schema for table `sk_usergroups`
--
CREATE TABLE `sk_usergroups` (
  `id` int(11) NOT NULL AUTO_INCREMENT,
  `name` varchar(255) COLLATE utf8_unicode_ci NOT NULL,
  `handle` varchar(255) COLLATE utf8_unicode_ci NOT NULL,
  `dateCreated` datetime NOT NULL,
  `dateUpdated` datetime NOT NULL,
  `uid` char(36) COLLATE utf8_unicode_ci NOT NULL DEFAULT '0',
  PRIMARY KEY (`id`),
  UNIQUE KEY `sk_usergroups_name_unq_idx` (`name`),
  UNIQUE KEY `sk_usergroups_handle_unq_idx` (`handle`)
) ENGINE=InnoDB DEFAULT CHARSET=utf8 COLLATE=utf8_unicode_ci;

DROP TABLE IF EXISTS `sk_usergroups_users`;


--
-- Schema for table `sk_usergroups_users`
--
CREATE TABLE `sk_usergroups_users` (
  `id` int(11) NOT NULL AUTO_INCREMENT,
  `groupId` int(11) NOT NULL,
  `userId` int(11) NOT NULL,
  `dateCreated` datetime NOT NULL,
  `dateUpdated` datetime NOT NULL,
  `uid` char(36) COLLATE utf8_unicode_ci NOT NULL DEFAULT '0',
  PRIMARY KEY (`id`),
  UNIQUE KEY `sk_usergroups_users_groupId_userId_unq_idx` (`groupId`,`userId`),
  KEY `sk_usergroups_users_userId_fk` (`userId`)
) ENGINE=InnoDB DEFAULT CHARSET=utf8 COLLATE=utf8_unicode_ci;

DROP TABLE IF EXISTS `sk_userpermissions`;


--
-- Schema for table `sk_userpermissions`
--
CREATE TABLE `sk_userpermissions` (
  `id` int(11) NOT NULL AUTO_INCREMENT,
  `name` varchar(255) COLLATE utf8_unicode_ci NOT NULL,
  `dateCreated` datetime NOT NULL,
  `dateUpdated` datetime NOT NULL,
  `uid` char(36) COLLATE utf8_unicode_ci NOT NULL DEFAULT '0',
  PRIMARY KEY (`id`),
  UNIQUE KEY `sk_userpermissions_name_unq_idx` (`name`)
) ENGINE=InnoDB DEFAULT CHARSET=utf8 COLLATE=utf8_unicode_ci;

DROP TABLE IF EXISTS `sk_userpermissions_usergroups`;


--
-- Schema for table `sk_userpermissions_usergroups`
--
CREATE TABLE `sk_userpermissions_usergroups` (
  `id` int(11) NOT NULL AUTO_INCREMENT,
  `permissionId` int(11) NOT NULL,
  `groupId` int(11) NOT NULL,
  `dateCreated` datetime NOT NULL,
  `dateUpdated` datetime NOT NULL,
  `uid` char(36) COLLATE utf8_unicode_ci NOT NULL DEFAULT '0',
  PRIMARY KEY (`id`),
  UNIQUE KEY `sk_userpermissions_usergroups_permissionId_groupId_unq_idx` (`permissionId`,`groupId`),
  KEY `sk_userpermissions_usergroups_groupId_fk` (`groupId`)
) ENGINE=InnoDB DEFAULT CHARSET=utf8 COLLATE=utf8_unicode_ci;

DROP TABLE IF EXISTS `sk_userpermissions_users`;


--
-- Schema for table `sk_userpermissions_users`
--
CREATE TABLE `sk_userpermissions_users` (
  `id` int(11) NOT NULL AUTO_INCREMENT,
  `permissionId` int(11) NOT NULL,
  `userId` int(11) NOT NULL,
  `dateCreated` datetime NOT NULL,
  `dateUpdated` datetime NOT NULL,
  `uid` char(36) COLLATE utf8_unicode_ci NOT NULL DEFAULT '0',
  PRIMARY KEY (`id`),
  UNIQUE KEY `sk_userpermissions_users_permissionId_userId_unq_idx` (`permissionId`,`userId`),
  KEY `sk_userpermissions_users_userId_fk` (`userId`)
) ENGINE=InnoDB DEFAULT CHARSET=utf8 COLLATE=utf8_unicode_ci;

DROP TABLE IF EXISTS `sk_users`;


--
-- Schema for table `sk_users`
--
CREATE TABLE `sk_users` (
  `id` int(11) NOT NULL,
  `username` varchar(100) COLLATE utf8_unicode_ci NOT NULL,
  `photo` varchar(100) COLLATE utf8_unicode_ci DEFAULT NULL,
  `firstName` varchar(100) COLLATE utf8_unicode_ci DEFAULT NULL,
  `lastName` varchar(100) COLLATE utf8_unicode_ci DEFAULT NULL,
  `email` varchar(255) COLLATE utf8_unicode_ci NOT NULL,
  `password` char(255) COLLATE utf8_unicode_ci DEFAULT NULL,
  `preferredLocale` char(12) COLLATE utf8_unicode_ci DEFAULT NULL,
  `weekStartDay` tinyint(1) unsigned NOT NULL DEFAULT '0',
  `admin` tinyint(1) unsigned NOT NULL DEFAULT '0',
  `client` tinyint(1) unsigned NOT NULL DEFAULT '0',
  `locked` tinyint(1) unsigned NOT NULL DEFAULT '0',
  `suspended` tinyint(1) unsigned NOT NULL DEFAULT '0',
  `pending` tinyint(1) unsigned NOT NULL DEFAULT '0',
  `archived` tinyint(1) unsigned NOT NULL DEFAULT '0',
  `lastLoginDate` datetime DEFAULT NULL,
  `lastLoginAttemptIPAddress` varchar(45) COLLATE utf8_unicode_ci DEFAULT NULL,
  `invalidLoginWindowStart` datetime DEFAULT NULL,
  `invalidLoginCount` tinyint(4) unsigned DEFAULT NULL,
  `lastInvalidLoginDate` datetime DEFAULT NULL,
  `lockoutDate` datetime DEFAULT NULL,
  `verificationCode` char(100) COLLATE utf8_unicode_ci DEFAULT NULL,
  `verificationCodeIssuedDate` datetime DEFAULT NULL,
  `unverifiedEmail` varchar(255) COLLATE utf8_unicode_ci DEFAULT NULL,
  `passwordResetRequired` tinyint(1) unsigned NOT NULL DEFAULT '0',
  `lastPasswordChangeDate` datetime DEFAULT NULL,
  `dateCreated` datetime NOT NULL,
  `dateUpdated` datetime NOT NULL,
  `uid` char(36) COLLATE utf8_unicode_ci NOT NULL DEFAULT '0',
  PRIMARY KEY (`id`),
  UNIQUE KEY `sk_users_username_unq_idx` (`username`),
  UNIQUE KEY `sk_users_email_unq_idx` (`email`),
  KEY `sk_users_verificationCode_idx` (`verificationCode`),
  KEY `sk_users_uid_idx` (`uid`),
  KEY `sk_users_preferredLocale_fk` (`preferredLocale`)
) ENGINE=InnoDB DEFAULT CHARSET=utf8 COLLATE=utf8_unicode_ci;

--
-- Data for table `sk_users`
--

INSERT INTO `sk_users` (`id`, `username`, `photo`, `firstName`, `lastName`, `email`, `password`, `preferredLocale`, `weekStartDay`, `admin`, `client`, `locked`, `suspended`, `pending`, `archived`, `lastLoginDate`, `lastLoginAttemptIPAddress`, `invalidLoginWindowStart`, `invalidLoginCount`, `lastInvalidLoginDate`, `lockoutDate`, `verificationCode`, `verificationCodeIssuedDate`, `unverifiedEmail`, `passwordResetRequired`, `lastPasswordChangeDate`, `dateCreated`, `dateUpdated`, `uid`) VALUES
 ('1', 'webmaster', NULL, NULL, NULL, 'jamalkpowell@gmail.com', '$2y$13$MFlg67hy5kv7/vO1q.ITH.EpVs1TZEJwvgLUHGfo4dNL6xk3MXQV6', NULL, '0', '1', '0', '0', '0', '0', '0', '2017-07-25 21:18:17', '192.168.33.1', NULL, NULL, '2017-07-25 21:18:11', NULL, NULL, NULL, NULL, '0', '2017-07-11 20:37:20', '2017-07-11 20:37:20', '2017-07-25 21:18:17', 'acb789a2-3299-4692-a421-75c1b3a30600');



DROP TABLE IF EXISTS `sk_widgets`;


--
-- Schema for table `sk_widgets`
--
CREATE TABLE `sk_widgets` (
  `id` int(11) NOT NULL AUTO_INCREMENT,
  `userId` int(11) NOT NULL,
  `type` varchar(150) COLLATE utf8_unicode_ci NOT NULL,
  `sortOrder` smallint(6) unsigned DEFAULT NULL,
  `colspan` tinyint(4) unsigned DEFAULT NULL,
  `settings` text COLLATE utf8_unicode_ci,
  `enabled` tinyint(1) unsigned NOT NULL DEFAULT '1',
  `dateCreated` datetime NOT NULL,
  `dateUpdated` datetime NOT NULL,
  `uid` char(36) COLLATE utf8_unicode_ci NOT NULL DEFAULT '0',
  PRIMARY KEY (`id`),
  KEY `sk_widgets_userId_fk` (`userId`)
) ENGINE=InnoDB AUTO_INCREMENT=5 DEFAULT CHARSET=utf8 COLLATE=utf8_unicode_ci;

--
-- Data for table `sk_widgets`
--

INSERT INTO `sk_widgets` (`id`, `userId`, `type`, `sortOrder`, `colspan`, `settings`, `enabled`, `dateCreated`, `dateUpdated`, `uid`) VALUES
 ('1', '1', 'RecentEntries', '1', NULL, NULL, '1', '2017-07-11 20:37:47', '2017-07-11 20:37:47', '2df0be99-2395-40b5-9b21-87583166d759'),
 ('2', '1', 'GetHelp', '2', NULL, NULL, '1', '2017-07-11 20:37:47', '2017-07-11 20:37:47', 'e5b787c2-766b-4756-a9ff-dcdab0f22793'),
 ('3', '1', 'Updates', '3', NULL, NULL, '1', '2017-07-11 20:37:47', '2017-07-11 20:37:47', 'dd7961c4-26a6-4ae8-abe1-3b45021b667d'),
 ('4', '1', 'Feed', '4', NULL, '{\"url\":\"https:\\/\\/craftcms.com\\/news.rss\",\"title\":\"Craft News\"}', '1', '2017-07-11 20:37:47', '2017-07-11 20:37:47', '5bb14c36-68ea-4637-80da-46f8e5bb452e');


--
-- Constraints for tables
--


--
-- Constraints for table `sk_assetfiles`
--
ALTER TABLE `sk_assetfiles`
	ADD CONSTRAINT `sk_assetfiles_folderId_fk` FOREIGN KEY (`folderId`) REFERENCES `sk_assetfolders` (`id`) ON DELETE CASCADE,
	ADD CONSTRAINT `sk_assetfiles_id_fk` FOREIGN KEY (`id`) REFERENCES `sk_elements` (`id`) ON DELETE CASCADE,
	ADD CONSTRAINT `sk_assetfiles_sourceId_fk` FOREIGN KEY (`sourceId`) REFERENCES `sk_assetsources` (`id`) ON DELETE CASCADE;

--
-- Constraints for table `sk_assetfolders`
--
ALTER TABLE `sk_assetfolders`
	ADD CONSTRAINT `sk_assetfolders_parentId_fk` FOREIGN KEY (`parentId`) REFERENCES `sk_assetfolders` (`id`) ON DELETE CASCADE,
	ADD CONSTRAINT `sk_assetfolders_sourceId_fk` FOREIGN KEY (`sourceId`) REFERENCES `sk_assetsources` (`id`) ON DELETE CASCADE;

--
-- Constraints for table `sk_assetindexdata`
--
ALTER TABLE `sk_assetindexdata`
	ADD CONSTRAINT `sk_assetindexdata_sourceId_fk` FOREIGN KEY (`sourceId`) REFERENCES `sk_assetsources` (`id`) ON DELETE CASCADE;

--
-- Constraints for table `sk_assetsources`
--
ALTER TABLE `sk_assetsources`
	ADD CONSTRAINT `sk_assetsources_fieldLayoutId_fk` FOREIGN KEY (`fieldLayoutId`) REFERENCES `sk_fieldlayouts` (`id`) ON DELETE SET NULL;

--
-- Constraints for table `sk_categories`
--
ALTER TABLE `sk_categories`
	ADD CONSTRAINT `sk_categories_groupId_fk` FOREIGN KEY (`groupId`) REFERENCES `sk_categorygroups` (`id`) ON DELETE CASCADE,
	ADD CONSTRAINT `sk_categories_id_fk` FOREIGN KEY (`id`) REFERENCES `sk_elements` (`id`) ON DELETE CASCADE;

--
-- Constraints for table `sk_categorygroups`
--
ALTER TABLE `sk_categorygroups`
	ADD CONSTRAINT `sk_categorygroups_fieldLayoutId_fk` FOREIGN KEY (`fieldLayoutId`) REFERENCES `sk_fieldlayouts` (`id`) ON DELETE SET NULL,
	ADD CONSTRAINT `sk_categorygroups_structureId_fk` FOREIGN KEY (`structureId`) REFERENCES `sk_structures` (`id`) ON DELETE CASCADE;

--
-- Constraints for table `sk_categorygroups_i18n`
--
ALTER TABLE `sk_categorygroups_i18n`
	ADD CONSTRAINT `sk_categorygroups_i18n_groupId_fk` FOREIGN KEY (`groupId`) REFERENCES `sk_categorygroups` (`id`) ON DELETE CASCADE,
	ADD CONSTRAINT `sk_categorygroups_i18n_locale_fk` FOREIGN KEY (`locale`) REFERENCES `sk_locales` (`locale`) ON DELETE CASCADE ON UPDATE CASCADE;

--
-- Constraints for table `sk_content`
--
ALTER TABLE `sk_content`
	ADD CONSTRAINT `sk_content_elementId_fk` FOREIGN KEY (`elementId`) REFERENCES `sk_elements` (`id`) ON DELETE CASCADE,
	ADD CONSTRAINT `sk_content_locale_fk` FOREIGN KEY (`locale`) REFERENCES `sk_locales` (`locale`) ON DELETE CASCADE ON UPDATE CASCADE;

--
-- Constraints for table `sk_elements_i18n`
--
ALTER TABLE `sk_elements_i18n`
	ADD CONSTRAINT `sk_elements_i18n_elementId_fk` FOREIGN KEY (`elementId`) REFERENCES `sk_elements` (`id`) ON DELETE CASCADE,
	ADD CONSTRAINT `sk_elements_i18n_locale_fk` FOREIGN KEY (`locale`) REFERENCES `sk_locales` (`locale`) ON DELETE CASCADE ON UPDATE CASCADE;

--
-- Constraints for table `sk_emailmessages`
--
ALTER TABLE `sk_emailmessages`
	ADD CONSTRAINT `sk_emailmessages_locale_fk` FOREIGN KEY (`locale`) REFERENCES `sk_locales` (`locale`) ON DELETE CASCADE ON UPDATE CASCADE;

--
-- Constraints for table `sk_entries`
--
ALTER TABLE `sk_entries`
	ADD CONSTRAINT `sk_entries_authorId_fk` FOREIGN KEY (`authorId`) REFERENCES `sk_users` (`id`) ON DELETE CASCADE,
	ADD CONSTRAINT `sk_entries_id_fk` FOREIGN KEY (`id`) REFERENCES `sk_elements` (`id`) ON DELETE CASCADE,
	ADD CONSTRAINT `sk_entries_sectionId_fk` FOREIGN KEY (`sectionId`) REFERENCES `sk_sections` (`id`) ON DELETE CASCADE,
	ADD CONSTRAINT `sk_entries_typeId_fk` FOREIGN KEY (`typeId`) REFERENCES `sk_entrytypes` (`id`) ON DELETE CASCADE;

--
-- Constraints for table `sk_entrydrafts`
--
ALTER TABLE `sk_entrydrafts`
	ADD CONSTRAINT `sk_entrydrafts_creatorId_fk` FOREIGN KEY (`creatorId`) REFERENCES `sk_users` (`id`) ON DELETE CASCADE,
	ADD CONSTRAINT `sk_entrydrafts_entryId_fk` FOREIGN KEY (`entryId`) REFERENCES `sk_entries` (`id`) ON DELETE CASCADE,
	ADD CONSTRAINT `sk_entrydrafts_locale_fk` FOREIGN KEY (`locale`) REFERENCES `sk_locales` (`locale`) ON DELETE CASCADE ON UPDATE CASCADE,
	ADD CONSTRAINT `sk_entrydrafts_sectionId_fk` FOREIGN KEY (`sectionId`) REFERENCES `sk_sections` (`id`) ON DELETE CASCADE;

--
-- Constraints for table `sk_entrytypes`
--
ALTER TABLE `sk_entrytypes`
	ADD CONSTRAINT `sk_entrytypes_fieldLayoutId_fk` FOREIGN KEY (`fieldLayoutId`) REFERENCES `sk_fieldlayouts` (`id`) ON DELETE SET NULL,
	ADD CONSTRAINT `sk_entrytypes_sectionId_fk` FOREIGN KEY (`sectionId`) REFERENCES `sk_sections` (`id`) ON DELETE CASCADE;

--
-- Constraints for table `sk_entryversions`
--
ALTER TABLE `sk_entryversions`
	ADD CONSTRAINT `sk_entryversions_creatorId_fk` FOREIGN KEY (`creatorId`) REFERENCES `sk_users` (`id`) ON DELETE SET NULL,
	ADD CONSTRAINT `sk_entryversions_entryId_fk` FOREIGN KEY (`entryId`) REFERENCES `sk_entries` (`id`) ON DELETE CASCADE,
	ADD CONSTRAINT `sk_entryversions_locale_fk` FOREIGN KEY (`locale`) REFERENCES `sk_locales` (`locale`) ON DELETE CASCADE ON UPDATE CASCADE,
	ADD CONSTRAINT `sk_entryversions_sectionId_fk` FOREIGN KEY (`sectionId`) REFERENCES `sk_sections` (`id`) ON DELETE CASCADE;

--
-- Constraints for table `sk_fieldlayoutfields`
--
ALTER TABLE `sk_fieldlayoutfields`
	ADD CONSTRAINT `sk_fieldlayoutfields_fieldId_fk` FOREIGN KEY (`fieldId`) REFERENCES `sk_fields` (`id`) ON DELETE CASCADE,
	ADD CONSTRAINT `sk_fieldlayoutfields_layoutId_fk` FOREIGN KEY (`layoutId`) REFERENCES `sk_fieldlayouts` (`id`) ON DELETE CASCADE,
	ADD CONSTRAINT `sk_fieldlayoutfields_tabId_fk` FOREIGN KEY (`tabId`) REFERENCES `sk_fieldlayouttabs` (`id`) ON DELETE CASCADE;

--
-- Constraints for table `sk_fieldlayouttabs`
--
ALTER TABLE `sk_fieldlayouttabs`
	ADD CONSTRAINT `sk_fieldlayouttabs_layoutId_fk` FOREIGN KEY (`layoutId`) REFERENCES `sk_fieldlayouts` (`id`) ON DELETE CASCADE;

--
-- Constraints for table `sk_fields`
--
ALTER TABLE `sk_fields`
	ADD CONSTRAINT `sk_fields_groupId_fk` FOREIGN KEY (`groupId`) REFERENCES `sk_fieldgroups` (`id`) ON DELETE CASCADE;

--
-- Constraints for table `sk_globalsets`
--
ALTER TABLE `sk_globalsets`
	ADD CONSTRAINT `sk_globalsets_fieldLayoutId_fk` FOREIGN KEY (`fieldLayoutId`) REFERENCES `sk_fieldlayouts` (`id`) ON DELETE SET NULL,
	ADD CONSTRAINT `sk_globalsets_id_fk` FOREIGN KEY (`id`) REFERENCES `sk_elements` (`id`) ON DELETE CASCADE;

--
-- Constraints for table `sk_matrixblocks`
--
ALTER TABLE `sk_matrixblocks`
	ADD CONSTRAINT `sk_matrixblocks_fieldId_fk` FOREIGN KEY (`fieldId`) REFERENCES `sk_fields` (`id`) ON DELETE CASCADE,
	ADD CONSTRAINT `sk_matrixblocks_id_fk` FOREIGN KEY (`id`) REFERENCES `sk_elements` (`id`) ON DELETE CASCADE,
	ADD CONSTRAINT `sk_matrixblocks_ownerId_fk` FOREIGN KEY (`ownerId`) REFERENCES `sk_elements` (`id`) ON DELETE CASCADE,
	ADD CONSTRAINT `sk_matrixblocks_ownerLocale_fk` FOREIGN KEY (`ownerLocale`) REFERENCES `sk_locales` (`locale`) ON DELETE CASCADE ON UPDATE CASCADE,
	ADD CONSTRAINT `sk_matrixblocks_typeId_fk` FOREIGN KEY (`typeId`) REFERENCES `sk_matrixblocktypes` (`id`) ON DELETE CASCADE;

--
-- Constraints for table `sk_matrixblocktypes`
--
ALTER TABLE `sk_matrixblocktypes`
	ADD CONSTRAINT `sk_matrixblocktypes_fieldId_fk` FOREIGN KEY (`fieldId`) REFERENCES `sk_fields` (`id`) ON DELETE CASCADE,
	ADD CONSTRAINT `sk_matrixblocktypes_fieldLayoutId_fk` FOREIGN KEY (`fieldLayoutId`) REFERENCES `sk_fieldlayouts` (`id`) ON DELETE SET NULL;

--
-- Constraints for table `sk_matrixcontent_linklist`
--
ALTER TABLE `sk_matrixcontent_linklist`
	ADD CONSTRAINT `sk_matrixcontent_linklist_elementId_fk` FOREIGN KEY (`elementId`) REFERENCES `sk_elements` (`id`) ON DELETE CASCADE,
	ADD CONSTRAINT `sk_matrixcontent_linklist_locale_fk` FOREIGN KEY (`locale`) REFERENCES `sk_locales` (`locale`) ON DELETE CASCADE ON UPDATE CASCADE;

--
-- Constraints for table `sk_matrixcontent_post`
--
ALTER TABLE `sk_matrixcontent_post`
	ADD CONSTRAINT `sk_matrixcontent_post_elementId_fk` FOREIGN KEY (`elementId`) REFERENCES `sk_elements` (`id`) ON DELETE CASCADE,
	ADD CONSTRAINT `sk_matrixcontent_post_locale_fk` FOREIGN KEY (`locale`) REFERENCES `sk_locales` (`locale`) ON DELETE CASCADE ON UPDATE CASCADE;

--
-- Constraints for table `sk_migrations`
--
ALTER TABLE `sk_migrations`
	ADD CONSTRAINT `sk_migrations_pluginId_fk` FOREIGN KEY (`pluginId`) REFERENCES `sk_plugins` (`id`) ON DELETE CASCADE;

--
-- Constraints for table `sk_relations`
--
ALTER TABLE `sk_relations`
	ADD CONSTRAINT `sk_relations_fieldId_fk` FOREIGN KEY (`fieldId`) REFERENCES `sk_fields` (`id`) ON DELETE CASCADE,
	ADD CONSTRAINT `sk_relations_sourceId_fk` FOREIGN KEY (`sourceId`) REFERENCES `sk_elements` (`id`) ON DELETE CASCADE,
	ADD CONSTRAINT `sk_relations_sourceLocale_fk` FOREIGN KEY (`sourceLocale`) REFERENCES `sk_locales` (`locale`) ON DELETE CASCADE ON UPDATE CASCADE,
	ADD CONSTRAINT `sk_relations_targetId_fk` FOREIGN KEY (`targetId`) REFERENCES `sk_elements` (`id`) ON DELETE CASCADE;

--
-- Constraints for table `sk_routes`
--
ALTER TABLE `sk_routes`
	ADD CONSTRAINT `sk_routes_locale_fk` FOREIGN KEY (`locale`) REFERENCES `sk_locales` (`locale`) ON DELETE CASCADE ON UPDATE CASCADE;

--
-- Constraints for table `sk_sections`
--
ALTER TABLE `sk_sections`
	ADD CONSTRAINT `sk_sections_structureId_fk` FOREIGN KEY (`structureId`) REFERENCES `sk_structures` (`id`) ON DELETE SET NULL;

--
-- Constraints for table `sk_sections_i18n`
--
ALTER TABLE `sk_sections_i18n`
	ADD CONSTRAINT `sk_sections_i18n_locale_fk` FOREIGN KEY (`locale`) REFERENCES `sk_locales` (`locale`) ON DELETE CASCADE ON UPDATE CASCADE,
	ADD CONSTRAINT `sk_sections_i18n_sectionId_fk` FOREIGN KEY (`sectionId`) REFERENCES `sk_sections` (`id`) ON DELETE CASCADE;

--
-- Constraints for table `sk_sessions`
--
ALTER TABLE `sk_sessions`
	ADD CONSTRAINT `sk_sessions_userId_fk` FOREIGN KEY (`userId`) REFERENCES `sk_users` (`id`) ON DELETE CASCADE;

--
-- Constraints for table `sk_shunnedmessages`
--
ALTER TABLE `sk_shunnedmessages`
	ADD CONSTRAINT `sk_shunnedmessages_userId_fk` FOREIGN KEY (`userId`) REFERENCES `sk_users` (`id`) ON DELETE CASCADE;

--
-- Constraints for table `sk_structureelements`
--
ALTER TABLE `sk_structureelements`
	ADD CONSTRAINT `sk_structureelements_elementId_fk` FOREIGN KEY (`elementId`) REFERENCES `sk_elements` (`id`) ON DELETE CASCADE,
	ADD CONSTRAINT `sk_structureelements_structureId_fk` FOREIGN KEY (`structureId`) REFERENCES `sk_structures` (`id`) ON DELETE CASCADE;

--
-- Constraints for table `sk_taggroups`
--
ALTER TABLE `sk_taggroups`
	ADD CONSTRAINT `sk_taggroups_fieldLayoutId_fk` FOREIGN KEY (`fieldLayoutId`) REFERENCES `sk_fieldlayouts` (`id`) ON DELETE SET NULL;

--
-- Constraints for table `sk_tags`
--
ALTER TABLE `sk_tags`
	ADD CONSTRAINT `sk_tags_groupId_fk` FOREIGN KEY (`groupId`) REFERENCES `sk_taggroups` (`id`) ON DELETE CASCADE,
	ADD CONSTRAINT `sk_tags_id_fk` FOREIGN KEY (`id`) REFERENCES `sk_elements` (`id`) ON DELETE CASCADE;

--
-- Constraints for table `sk_templatecachecriteria`
--
ALTER TABLE `sk_templatecachecriteria`
	ADD CONSTRAINT `sk_templatecachecriteria_cacheId_fk` FOREIGN KEY (`cacheId`) REFERENCES `sk_templatecaches` (`id`) ON DELETE CASCADE;

--
-- Constraints for table `sk_templatecacheelements`
--
ALTER TABLE `sk_templatecacheelements`
	ADD CONSTRAINT `sk_templatecacheelements_cacheId_fk` FOREIGN KEY (`cacheId`) REFERENCES `sk_templatecaches` (`id`) ON DELETE CASCADE,
	ADD CONSTRAINT `sk_templatecacheelements_elementId_fk` FOREIGN KEY (`elementId`) REFERENCES `sk_elements` (`id`) ON DELETE CASCADE;

--
-- Constraints for table `sk_templatecaches`
--
ALTER TABLE `sk_templatecaches`
	ADD CONSTRAINT `sk_templatecaches_locale_fk` FOREIGN KEY (`locale`) REFERENCES `sk_locales` (`locale`) ON DELETE CASCADE ON UPDATE CASCADE;

--
-- Constraints for table `sk_usergroups_users`
--
ALTER TABLE `sk_usergroups_users`
	ADD CONSTRAINT `sk_usergroups_users_groupId_fk` FOREIGN KEY (`groupId`) REFERENCES `sk_usergroups` (`id`) ON DELETE CASCADE,
	ADD CONSTRAINT `sk_usergroups_users_userId_fk` FOREIGN KEY (`userId`) REFERENCES `sk_users` (`id`) ON DELETE CASCADE;

--
-- Constraints for table `sk_userpermissions_usergroups`
--
ALTER TABLE `sk_userpermissions_usergroups`
	ADD CONSTRAINT `sk_userpermissions_usergroups_groupId_fk` FOREIGN KEY (`groupId`) REFERENCES `sk_usergroups` (`id`) ON DELETE CASCADE,
	ADD CONSTRAINT `sk_userpermissions_usergroups_permissionId_fk` FOREIGN KEY (`permissionId`) REFERENCES `sk_userpermissions` (`id`) ON DELETE CASCADE;

--
-- Constraints for table `sk_userpermissions_users`
--
ALTER TABLE `sk_userpermissions_users`
	ADD CONSTRAINT `sk_userpermissions_users_permissionId_fk` FOREIGN KEY (`permissionId`) REFERENCES `sk_userpermissions` (`id`) ON DELETE CASCADE,
	ADD CONSTRAINT `sk_userpermissions_users_userId_fk` FOREIGN KEY (`userId`) REFERENCES `sk_users` (`id`) ON DELETE CASCADE;

--
-- Constraints for table `sk_users`
--
ALTER TABLE `sk_users`
	ADD CONSTRAINT `sk_users_id_fk` FOREIGN KEY (`id`) REFERENCES `sk_elements` (`id`) ON DELETE CASCADE,
	ADD CONSTRAINT `sk_users_preferredLocale_fk` FOREIGN KEY (`preferredLocale`) REFERENCES `sk_locales` (`locale`) ON DELETE SET NULL ON UPDATE CASCADE;

--
-- Constraints for table `sk_widgets`
--
ALTER TABLE `sk_widgets`
	ADD CONSTRAINT `sk_widgets_userId_fk` FOREIGN KEY (`userId`) REFERENCES `sk_users` (`id`) ON DELETE CASCADE;

SET FOREIGN_KEY_CHECKS = 1;
